Code,Barcode,Description,Product Weight,Price/Unit,Price/Case,"Unit  
Quantity",Supervison
750-501,647297431621,Silan,12.3oz,$3.00,$36.00,12 Unit,B.A.H.
750-504,651536952426,Silan,32.0oz,$6.00,$72.00,12Unit,B.A.H.
750-503,647297431614,Silan Sugar Free,12.3oz,$4.25,$51.00,12 Unit,B.A.H.
750-505,64729743168,Silan Sugar Free,32.0oz,$10.00,$90.00,9 Unit,B.A.H.
750-508,651536952457,Silan Squeeze Sugar  Free,12.3oz,$4.75,$57.00,12 Unit,B.A.H
750-519,651536952587,Gift Sized Honey,1.05oz,$1.35,$32.40,24 Units,H. Soffer
750-515,651536952594,Honey Squeeze,12.3oz,$5.00,$63.00,12 Unit,H. Soffer
750-516,651536952396,Honey,12.3oz,$5.00,$63.00,12 Unit,H. Soffer
750-521,647297431683,Dates Spread Filling,16oz,$2.33,$28.00,12Unit,B.A.H.
750-525,647297431706,Poppy Seed Filling,14oz,$3.75,$45.00,12Unit,B.A.H.
750-526,647297431690,Halva Filling,14oz,$3.75,$45.00,12Unit,B.A.H.
750-530,6477297431713,"Dulche De Leche  
Filling (Dairy)",14oz,$4.25,$51.00,12 Unit,B.A.H.
750-529,647297431720,Dulce De Leche Filling,14oz,$4.25,$51.00,12 Unit,B.A.H.
750-528,6477297431713,Dulce De Leche Filling  (Dairy),14oz,$4.25,$51.00,12 Unit,B.A.H.
750-524,651536-948573,Pitted Pressed Date’s,17.6oz,$3.75,$60.00,16Unit,B.A.H.
750-591,651536949853,Sugar,2.2lb,$2.20,$22.00,10 units,B.A.H.
750-598,,Oriel Stevia Natural  Sweetener,7oz,$5.25,$63.00,12 units,B.A.H
750-599,,"ORIEL-NATURAL  
STEVIA POWDERED",7oz,$5.00,$60.00,12 Unit,B.A.H
750-611,651536951900,Sesame,3.5oz,$1.50,$36.00,24 Unit,B.A.H.
750-612,651536951917,Coconut,3.5oz,$1.50,$36.00,24 Unit,B.A.H.
750-588,651536953942,Cornflower,7oz,$1.50,$36.00,24Unit,B.A.H.
105-711,651536948993,Potato Starch,17oz,$2.00,$24.00,12Unit,B.A.H.
750-631,651536956028,Dried Yeast,"2.0oz  
(5pk)",$3.50,$35.00,10 Unit,B.A.H.
750-637,651536956073,Fish Gelatin,1.0oz,$3.50,$35.00,10 Unit,B.A.H.
750-639,651536956066,Bread Improver,1.5oz,$3.50,$35.00,10 Unit,B.A.H.
750-821,,Yeast Dough,17.6oz,$4.00,$48.00,12 Unit,B.A.H.
750-822,,Focaccio Bread,17.6oz,$4.00,$48.00,12 Unit,B.A.H.
750-824,,Pretzel Bites,17.6oz,$4.00,$48.00,12 Unit,B.A.H.
750-825,,Italian Pizza Dough,17.6oz,$4.00,$48.00,12 Unit,B.A.H.
750-791,,Sifted White Flour,1kg,$3.00,$30.00,10 Unit,B.A.H.
750-794,,Sifted Challah Flour,1kg,$3.75,$37.50,10 Unit,B.A.H.
750-798,,80% Spelt Flour,1kg,$5.25,$52.50,10 Unit,B.A.H.
750-572,7-290002319788,Baking Rum Extract,50ml,$1.50,$36.00,24 Unit,
750-573,7-290002319788,"Baking Almond 
Extract",50ml,$1.50,$36.00,24 Unit,
770-121,7290002977322*,Sifted White Flour,1kg,$3.25,$33.00,10 Unit,B.A.H.
770-127,7290002977278* *,Sifted Bread Flour,1kg,$4.00,$40.00,10 Unit,B.A.H.
770-120,7290002977155* *,Sifted Wheat Flour,1kg,$3.30,$33.00,10 Unit,B.A.H.
700-355,"7-2900750- 
02971016**",Semolina,1kg,$2.40,$24.00,10 Unit,B.A.H.
770-126,7290002977421* *,Spelt Flour 70%,1kg,$5.50,$55.00,10 Unit,B.A.H.
770-123,7290002977407,"Sifted Flour for  
Challah",1kg,$4.00,$40.00,10 Unit,B.A.H.
770-124,7290002977193*,Sifted Spelt Flour,1kg,$5.50,$55.00,10 Unit,B.A.H.
700-221,7-290002319023,"Maimon Sugar  
Powder",50x10,$0.84,$42.00,50 Unit,
700-222,7-290002319016,"Maimon Baking  
Powder",50x10,$0.84,$42.00,50 Unit,
700-223,7-290000547299,"Maimon Sugar  
Powder",100gr,$0.90,$9.00,10 Unit,
700-236,7-290000547503,Maimon Baking Soda,100gr,$0.90,$9.00,10 Unit,
700-241,,Poppy Seeds,100gr,$2.00,$48.00,24 Unit,B.A.H.
700-173,7290013145277* *,"Crèmeshnit Puff  
Pastry Sheets",300gr,$6.50,$52.00,8Unit,
700-232,7290013145963* *,Dried Yeast Vacuum,125gr,$1.75,$63.00,36 Unit,B.A.H.
700-233,7290013145956* *,Dried Yeast Vacuum,500gr,$4.00,$80.00,20 Unit,B.A.H.
700-201,7290013144393* *,Vanilla Extract,50ml,$1.38,$33.00,24 Unit,B.A.H.
700-202,7-290002319788,Rum Extract,50ml,$1.38,$33.00,24 Unit,B.A.H.
700-261,,Chocolate Chips,250gr,$1.88,$45.00,24 Unit,B.A.H.
700-262,,"White Chocolate  
Chips",250gr,$1.88,$45.00,24 Unit,B.A.H.
700-209,7-290002319788,Orange Extract,50ml,$2.50,$15.00,6 Unit,B.A.H.
700-213,7-290002319788,rish Cream Extract,50ml,$2.50,$15.00,6 Unit,B.A.H.
700-203,7-290002319788,Almond Extract,50ml,$1.38,$33.00,6 Unit,B.A.H.
700-204,7-290002319788,Coffee Extract,50ml,$5.50,$33.00,24 Unit,B.A.H.
750-553,651536952365,Malabi Syrup,8.8 fl oz,$3.75,$45.00,12 Unit,B.A.H.
750-554,651536952372,Rosetta Almond Syrup,8.8 fl oz,$3.75,$45.00,12 Unit,B.A.H.
750-556,651536952389,Rose Water,8.8 fl oz,$3.25,$39.00,12 Unit,B.A.H.
750-558,651536952549,Orange Blossom Water,8. 8fl oz,$3.25,$39.00,12 Unit,B.A.H.
750-732,651536951085,Jonny Chocolate Wafer  Rolls,"7oz  
(18 pc)",$4.75,$57.00,12 Unit,B.A.H
750-735,,Puff Pastery Cannoli,6 pk,$4.75,$85.50,18 Unit,B.A.H.
750-661,647297431812,Instant Chocolate Balls Mix,17oz,$3.75,$45.00,12 Unit,B.A.H.
750-563,65153694951,Crème Malabi,7oz,$4.25,$51.00,12 Unit,B.A.H.
750-702,65153694952,Crème Brulee,7oz,$4.25,$51.00,12 Unit,B.A.H.
750-663,651536949501,Instant Soufflé Mix,500gr,$4.25,$51.00,12 Unit,B.A.H.
750-671,647297431829,Instant Belgian Waffle Mix,16oz,$4.25,$51.00,12 Unit,B.A.H.
750-561,647297431805,Malabi Mix,4.0oz,$1.75,$42.00,24 Unit,B.A.H.
750-811,651536956011,Instant Sahlab Mix,4.6oz,$2.75,$33.00,12 Unit,B.A.H.
750-692,647297431867,Instant Pudding French  Vanilla,3oz,$2.00,$24.00,12 Unit,B.A.H.
750-693,647297431850,Instant Pudding Dulce de  Leche,3oz,$2.00,$24.00,12 Unit,B.A.H.
750-695,647297431874,Instant Pudding Bittersweet,3oz,$2.00,$24.00,12 Unit,B.A.H.
750-696,647297431843,Instant Pudding Vanilla & Chocolate Chips,3oz,$2.00,$24.00,12 Unit,B.A.H.
750-697,,Hazelnut Pudding,3oz,$2.00,$24.00,12 Unit,B.A.H.
750-701,,Crème Patissiere,3oz,$2.00,$24.00,12 Unit,B.A.H.
750-711,651536949549,Strawberry Instant Jelly,3oz,$1.50,$18.00,12 Unit,B.A.H.
750-713,651536949556,Pineapple Instant Jelly,3oz,$1.50,$18.00,12 Unit,B.A.H.
750-714,651536949563,Apricot Instant Jelly,3oz,$1.50,$18.00,12 Unit,B.A.H.
750-715,651536949532,Raspberry Instant Jelly,3oz,$1.50,$18.00,12 Unit,B.A.H.
750-721,651536949464,Chocolita Mix,7oz,$3.75,$45.00,12 Unit,B.A.H.
750-724,651536949457,Peach Tea Mix,7oz,$4.00,$48.00,12 Unit,B.A.H.
750-722,651536949440,Ice Coffee Mix,7oz,$4.00,$48.00,12 Unit,B.A.H.
750-656,651536949471,Cocoa Powder Mix,5.3oz,$4.00,$48.00,12 Unit,B.A.H.
750-655,651536949488,Baking Choco Mix,7oz,$3.75,$45.00,12 Unit,B.A.H.
750-729,651536949495,Coffee Creamer Mix,7oz,$3.50,$42.00,12 Unit,B.A.H.
300-681,651536951474,Chocolate Cake,17oz,$6.25,$31.25,5Unit,B.A.H
300-682,651536951450,"Chocolate & Halva  
Cake",17oz,$6.25,$31.25,5Unit,B.A.H
300-683,651536951481,Chocolate & Hazelnut  Cake,17oz,$6.25,$31.25,5Unit,B.A.H
300-684,651536951436,Chocolate & Almonds  Cake,17oz,$6.25,$31.25,5Unit,B.A.H
300-685,651536951443,Poppy Seed Cake,17oz,$6.25,$31.25,5Unit,B.A.H
300-686,615136951467,"Cinnamon & Raisin  
Cake",17oz,$6.25,$31.25,5Unit,B.A.H
300-601,644287992599,Moroccan Cookies,350g,$4.00,$48.00,12 Unit,B.A.H
300-603,644287992629,"Rife Moroccan  
cookies",350g,$4.00,$48.00,12 Unit,B.A.H
300-606,644287992681,"Mini Moroccan 
Cookies",350g,$4.00,$48.00,12 Unit,B.A.H
300-611,644287992643,Salted Mini Bagels  (Mini Kaak),350g,$4.00,$48.00,12Unit,B.A.H
300-612,644287992711,"Salted Sesame  
Sticks",350g,$4.00,$48.00,12 Unit,B.A.H
300-614,644287992636,Strawberry Crown  Cookies,350g,$4.00,$48.00,12 Unit,B.A.H
300-615,644287992605,Halva Cookies,350g,$4.00,$48.00,12 Unit,B.A.H
300-618,644287992674,"Cinnamon Bow  
Tie Cookies",350g,$4.00,$48.00,12 Unit,B.A.H
300-619,64487992667,Chocolate Bow Tie  Cookies,350g,$4.00,$48.00,12 Unit,B.A.H
300-621,644287992643,"Mamoul Date  
Cookies",350g,$4.00,$48.00,12 Unit,B.A.H
300-625,644287992650,Peanut Strudel,350g,$4.00,$48.00,12 Unit,B.A.H
300-626,644287992698,Palmier Cookies,350g,$4.00,$48.00,12 Unit,B.A.H
300-627,644287992704,Chocolate Palmier,350g,$4.00,$48.00,12 Unit,B.A.H
300-608,651536949129,"Mini Bagels with  Black Cumin  
(Mini Kaak)",12.3oz,$4.00,$48.00,12 Unit,
300-609,651536949167* *,"Whole Wheat Mini  Bagels  
(Mini Kaak)",12.3oz,$4.00,$48.00,12 Unit,
300-631,644287992735,"Sugar Free  
Moroccan Cookies",350g,$4.50,$54.00,12 Unit,B.A.H
300-632,644287992896,Sugar Free Sesame  Cookies,350g,$4.50,$54.00,12 Unit,B.A.H
300-633,644287992933,Sugar Free Mini  Moroccan Cookies,350g,$4.50,$54.00,12 Unit,B.A.H
300-634,644287992926,"S.F Strawberry  
Crown Cookies",350g,$4.50,$54.00,12 Unit,B.A.H
300-635,644287992902,"S.F Sandwich  
Chocolate Cookies",350g,$4.50,$54.00,12 Unit,B.A.H
300-636,644287992919,"S.F Sandwich  
Strawberry  
Cookies",350g,$4.50,$54.00,12 Unit,B.A.H
300-639,6515369949150 **,Oriel- Sugar Free  Palmiers Cookies,12.3 oz,$4.25,$51.00,12 Unit,
300-638,651536949136* *,"Oriel Sugar Free  Greiba Almond  
Cookies",12.3oz,$4.25,$51.00,12 Unit,
300-641,651536949143* *,Oriel- Sugar Free  Date Swirl,12.3oz,$4.50,$54.00,12 Unit,
310-302,647297432000,Candied Roasted  Sesame,8.8 oz,$3.50,$42.00,12 Unit,B.A.H.
310-303,647297431980,Candied Roasted  Peanuts,8.8 oz,$3.50,$42.00,12 Unit,B.A.H.
310-304,647297431980,Candied Roasted  Mix nuts,8.8 oz,3.75,$45.00,12 Unit,B.A.H.
310-307,647297431997,Roasted Cranberry  & Granola,8.8 oz,$3.50,$45.00,12 Unit,B.A.H.
300-655,651536952709,"Chocolate  
Rugelach",16oz,$5.00,$60.00,12 Unit,B.A.H
300-656,651536952716,"Cinnamon  
Rugelach",16oz,$5.00,$60.00,12 Unit,B.A.H
300-657,651536952693,"Coconut &  
Chocolate  
Rugelach",16oz,$5.00,$60.00,12 Unit,B.A.H
300-661,644287992759,Chocolate Babka,"17.6 
oz",$5.00,$60.00,12 Unit,B.A.H
300-662,644287992742,Cinnamon Babka,500g,$5.00,$60.00,12 Unit,B.A.H
300-663,,Chocolate Crunch,,$5.00,$60.00,12 Unit,
300-664,,Cinnamon Crunch,,$5.00,$60.00,12 Unit,
300-659,651536949037,"Yerushalmi  
chocolateRugelach",16oz,$5.00,$60.00,12 Unit,B.A.H
300-671,651536949044,Poppyseed Roll,17oz,$5.00,$60.00,12 Unit,B.A.H
300-672,651536949068,Chocolate shneik,16oz,$5.00,$60.00,12 Unit,B.A.H
300-667,651536949051,Rugulada,"12.3 
oz",$6.00,$72.00,12 Unit,B.A.H
300-691,651536949068,"PREMIUM  
HONEY CAKE",17oz,$6.25,$31.25,5 Unit,
300-693,651536949044,"PREMIUM  
HONEY APPLE  CAKE",17oz,$6.25,$31.25,5 Unit,
300-694,651536949051,"PREMIUM  
HONEY  
ALMOND CAKE",17oz,$6.25,$31.25,5 Unit,
300-698,651536951122,HONEY CAKE,17oz,$5.00,$60.00,12 Unit,
310-801,651536950217,"Oriel Vanilla  
Crembo",12x8pk,$11.00,$132.00,12 Unit,
310-802,,"Oriel Caramel  
Crembo",12x8pk,$11.00,$132.00,12 Unit,
310-803,,"Oriel Banana  
Crembo",12x8pk,$11.00,$132.00,12 Unit,
310-811,651536950187,Oriel Sweet Vanilla  Crembo,20x25g,$16.00,$160.00,10 Unit,B.A.H.
310-812,651536950194,Oriel Sweet Mocha  Crembo,20x25g,$16.00,$160.00,10 Unit,B.A.H.
310-813,651536950200,Oriel Sweet Banana  Crembo,20x25g,$16.00,$160.00,10 Unit,B.A.H.
310-815,651536950248,"Oriel Sweet  
Strawberry Crembo",20x25g,$16.00,$160.00,10 Unit,B.A.H.
310-816,651536950255,"Oriel Sweet  
Pistachio Crembo",20x25g,$16.00,$160.00,10 Unit,B.A.H.
310-901,651536955333,Halva Vanilla,16oz,$4.00,$48.00,12 Unit,H. Soffer
310-902,651536955342,Halva Marble,16oz,$4.00,$48.00,12 Unit,H. Soffer
310-904,651536955359,Halva Pistachio,16oz,$4.75,$57.00,12 Unit,H. Soffer
310-906,651536955366,Halva Almond,16oz,$4.75,$57.00,12 Unit,H. Soffer
310-907,647297432260,Halva Walnuts,16oz,$4.75,$57.00,12 Unit,H. Soffer
310-921,647297432178,"Halva Flaky  
Vanilla Curly",7oz,$4.00,$48.00,12 Unit,H. Soffer
310-922,651536955380,Halva Flaky Choco  Vanilla Curly,7oz,$4.00,$48.00,12 Unit,H. Soffer
310-931,647297432222,Halva Vanilla,16oz,$4.50,$54.00,12 Unit,H. Soffer
310-932,647297432215,Halva Marble,16oz,$4.50,$54.00,12 Unit,H. Soffer
310-934,647297432246,Halva Pistachio,16oz,$5.00,$60.00,12 Unit,H. Soffer
310-935,651536955373,Halva Walnuts,16oz,$5.00,$60.00,12 Unit,H. Soffer
310-936,647297432253,Halva Almond,16oz,$5.00,$60.00,12 Unit,H. Soffer
100-817,738435219499 **,"Cashew Finger  
Baklava",10oz,$8.00,$64.00,8 Unit,
100-814,738435219482 **,"Walnut Triangle  
Baklava",10oz,$8.00,$64.00,8 Unit,
100-813,738435219482 **,Diamond,10oz,$8.00,$64.00,8 Unit,
100-811,738435219505 **,Mixed Baklava,10oz,$8.00,$64.00,8 Unit,
100-815,738435219499,"Walnut Finger  
Baklava",10oz,$8.00,$64.00,8 Unit,
100-816,738435219482 **,"Walnut Katifi  
Baklava",10oz,$8.00,$64.00,8 Unit,
100-818,738435219499 **,"Turkish Cashew  
Baklava",10oz,$8.00,$64.00,8 Unit,
300-581,651536949105 **,Alfajores Cookies,8.8oz,$5.75,$69.00,12 Unit,
300-582,651536949082 **,Date Roll Cookies,8.8oz,$5.50,$66.00,12 Unit,
300-584,795154312214 **,Pistachio Cookies,8.8oz,$5.50,$66.00,12 Unit,
300-585,795154312207 **,Rosemary Chocolate Layers,8.8oz,$5.50,$66.00,12 Unit,
300-589,651536949044,Strawberry Sandwich,8.8oz,$5.50,$66.00,12 Unit,
300-591,651536949075,"Cantuccini Chocolate  
Almond",8.8oz,$5.50,$66.00,12 Unit,
300-592,651536949068 **,Cantuccini Fruit Cookies,8.8oz,$5.50,$66.00,12 Unit,
310-311,79515431221* *,Cranberry & Nut Cluster  S.F.,6.35oz,$5.25,$63.00,12 Unit,
310-312,795154312184*,Almond & Sesame Clusters S.F.,6.35oz,$5.25,$63.00,12 Unit,
310-315,795154312191**,Sesame Seeds Treats S.F.,7oz,$5.25,$63.00,12 Unit,
105-121,898000000058,Tempura Mix,17oz,$3.25,$39.00,12Unit,B.A.H.
105-713,651536949570,Mashed Potato Mix,7 oz,$3.00,$36.00,12 Unit,B.A.H.
105-714,651536949587,Mashed Sweet Potato Mix,7 oz,$3.50,$42.00,12 Unit,B.A.H.
105-439,,Roast Beef Gravy,3oz,$2.00,$24.00,12 Unit,B.A.H.
105-438,,Mushroom Gravy,3oz,$2.00,$24.00,12 Unit,B.A.H.
105-437,,Turkey Gravy,3oz,$2.00,$24.00,12 Unit,B.A.H.
105-351,651536955175,J.G Roasted Eggplants,25 oz,$3.25,$39.00,12 Unit,B.A.H.
110-101,644287993114,Golden Classic Bread Crumbs,17oz,$3.60,$36.00,10Unit,"H.  
Soffer"
110-102,644287993121,Sesame Garlic Bread Crumbs,17oz,$3.90,$39.00,10 Unit,"H.  
Soffer"
110-103,644287993138,Picante Bread Crumbs,17oz,$3.90,$39.00,10 Unit,"H.  
Soffer"
105-441,651536952310,Sesame Oil,17oz,$10.00,$120.00,12 Unit,B. Yossef
105-442,651536952327,Avocado Oil,17oz,$10.00,$120.00,12 Unit,B. Yossef
105-443,651536952334,Peanut Oil,17oz,$10.00,$120.00,12 Unit,B. Yossef
105-453,651536952402,Olive Oil,25oz,$9.00,$108.00,12 Unit,B. Yossef
105-458,651536952600,Pure Olive Oil Pitcher,17.6 oz,$8.33,$100.00,12 Unit,B. Yossef
105-401,651536952341,Pomegranate Molasses,8.8 oz,$4.25,$51.00,12 Unit,B. Yossef
105-421,651536952525,Balsamic Vinegar,17oz,$4.50,$54.00,12 Unit,B. Yossef
105-423,651536948559,Red Apple Balsamic  Vinegar,17oz,$4.50,$54.00,12 Unit,B. Yossef
105-515,651536955731,Balsamic Glaze,14oz,$4.00,$36.00,9 Unit,B. Yossef
105-406,651536952488,Red Wine Vinegar,17oz,$3.50,$42.00,12 Unit,B.Yossef
105-408,651536952495,White Wine Vinegar,17oz,$3.50,$42.00,12 Unit,B. Yossef
105-412,651536952501,Apple Cider Vinegar,17oz,$3.50,$42.00,12 Unit,B. Yossef
105-414,651536952518,Orange Blossom Vinegar,17oz,$3.50,$42.00,12 Unit,B. Yossef
105-431,651536948566,Tamarind Sauce,12.3oz,$7.00,$84.00,12Unit,"H.  
Soffer"
105-520,651536954369,Sweet Chili Sauce,23oz,$4.00,$36.00,9Unit,B.A.H.
105-521,651536955601,Sweet Chili Sauce,14oz,$4.00,$36.00,9Unit,B.A.H.
105-522,651536955618,Hot Chili Sauce,14oz,$4.00,$36.00,9Unit,B.A.H.
105-525,651536955649,Sweet & Sour Sauce,14oz,$4.00,$36.00,9Unit,B.A.H.
105-526,651536955632,Soy Sauce,14oz,$4.00,$36.00,9Unit,B.A.H.
105-531,651536955656,Teriyaki Sauce,14oz,$4.00,$36.00,9Unit,B.A.H.
105-534,651536955625,Pad Thai Sauce,14oz,$4.00,$36.00,9Unit,B.A.H.
105-537,651536954543,Szechuan Style Sauce,14oz,$4.00,$36.00,9Unit,B.A.H.
105-552,651536955670,B.B.Q. Sauce,14oz,$4.00,$36.00,9Unit,B.A.H.
105-548,651536954482,Buffalo Wings Sauce,14oz,$4.00,$36.00,9Unit,B.A.H.
105-541,651536955687,Garlic Honey Marinade,14oz,$4.00,$36.00,9Unit,B.A.H.
105-543,651536954529,Marsala Style Wine Sauce,14oz,$4.00,$36.00,9Unit,B.A.H.
105-544,651536955694,Mediterranean Chicken  Grill Sauce,14oz,$4.00,$36.00,9Unit,B.A.H.
105-502,651536955717,"Thousand Island 
Dressing",14oz,$3.00,$27.00,9Unit,B.A.H.
105-503,651536955700,Garlic Dressing,13oz,$3.00,$27.00,9Unit,B.A.H.
105-506,651536955724,"Citrus Aroma  
Vinaigrette",14oz,$3.00,$27.00,9Unit,B.A.H.
105-511,651536955984,Honey Mustard,13oz,$3.00,$27.00,9Unit,B.A.H.
105-515,651536955731,Balsamic Glaze,14oz,$4.00,$36.00,9 Unit,B Yossef
105-510,651536955977,Garlic & Dill Dressing,13oz,$3.00,$27.00,9Unit,B.A.H.
105-517,651536955748,Light Garlic Dressing,13oz,$3.00,$27.00,9Unit,B.A.H.
105-200,651536953096,Sumac,6oz,$4.00,$24.00,6Unit,B.A.H.
105-221,651536953058,Sweet Paprika,4.2oz,$4.00,$24.00,6Unit,B.A.H.
105-222,651536953089,Hot paprika,4.2oz,$4.00,$24.00,6Unit,B.A.H.
105-223,651536953010,Moroccan Paprika,4.2oz,$4.00,$24.00,6Unit,B.A.H.
105-224,651536953041,Moroccan Hot Paprika,4.2oz,$4.00,$24.00,6Unit,B.A.H.
105-227,651536952839,Crushed Chili Peppers,2.8oz,$4.00,$24.00,6Unit,B.A.H.
105-229,651536953034,Ground Black Pepper,4.6oz,$4.00,$24.00,6Unit,B.A.H.
105-230,651536952815,Coarse Black Pepper,4.2oz,$4.00,$24.00,6Unit,B.A.H.
105-231,,Whole English Pepper,3.5oz,$4.00,$24.00,6Unit,B.A.H.
105-233,651536952945,Ground White Pepper,4.5oz,$4.00,$24.00,6Unit,B.A.H.
105-235,651536953072,Ground Turmeric,6oz,$4.00,$24.00,6Unit,B.A.H.
105-236,651536952938,Curry Seasoning,4.2oz,$4.00,$24.00,6Unit,B.A.H.
105-238,651536952846,Ground Cumin,4.2oz,$4.00,$24.00,6Unit,B.A.H.
105-211,651536953157,Steak Seasoning,4.2oz,$4.00,$24.00,6Unit,B.A.H.
105-213,651536953126,Chicken Grill,4.6oz,$4.00,$24.00,6Unit,B.A.H.
105-241,,Garlic Powder,4.2oz,$4.00,$24.00,6Unit,B.A.H.
105-242,651536953171,Dried Garlic Slices,5.3oz,$4.00,$24.00,6Unit,B.A.H.
105-244,,Onion Powder,4.2oz,$4.00,$24.00,6Unit,B.A.H.
105-191,651536952822,Baharat,4.2oz,$4.00,$24.00,6Unit,B.A.H.
105-194,651536952907,"Ras El Hanout 
(House Mix)",4.5oz,$4.00,$24.00,6Unit,B.A.H.
105-195,651536952990,Hawijj For Soup,4.5oz,$4.00,$24.00,6Unit,B.A.H.
105-196,651536952877,Allspice,3.5oz,$4.00,$24.00,6Unit,B.A.H.
105-203,651536952860,Zaatar Seasoning,4.2oz,$4.00,$24.00,6Unit,B.A.H.
105-207,651536953027,Citric Acid,9.5oz,$4.00,$24.00,6Unit,B.A.H.
105-180,651536952754,Mustard Seed,6.0oz,$4.00,$24.00,6Unit,B.A.H.
105-181,651536952914,Ground Caraway,4.2oz,$4.00,$24.00,6Unit,B.A.H.
105-183,651536952723,Nutmeg,4.6oz,$4.00,$24.00,6Unit,B.A.H.
105-184,651536952891,Ground Ginger,3.5oz,$4.00,$24.00,6Unit,B.A.H.
105-188,651536952754,Ground Cinnamon,4.6oz,$4.00,$24.00,6Unit,B.A.H.
105-189,651536953065,Cinnamon Sticks,2.8oz,$4.00,$24.00,6Unit,B.A.H.
105-161,651536952921,Bay Leaves,0.7oz,$4.00,$24.00,6Unit,B.A.H.
105-162,651536952853,Parsley Leaves,1.4oz,$4.00,$24.00,6Unit,B.A.H.
105-163,651536952976,Cilantro,0.7oz,$4.00,$24.00,6Unit,B.A.H.
105-166,651536952983,Dill Weed,1.4oz,$4.00,$24.00,6Unit,B.A.H.
105-168,651536952792,Oregano,1.4oz,$4.00,$24.00,6Unit,B.A.H.
105-169,651536952969,Basil Leaves,1.75oz,$4.00,$24.00,6Unit,B.A.H.
105-171,651536953102,Thyme,1.75oz,$4.00,$24.00,6Unit,B.A.H.
105-172,651536952952,Rosemary,2.1oz,$4.00,$24.00,6Unit,B.A.H.
105-173,,Mint,1.4oz,$4.00,$24.00,6Unit,B.A.H.
105-174,651536952785,Ground Cloves,1.4oz,$4.00,$24.00,6Unit,B.A.H.
105-215,651536953140,B.B.Q Seasoning,4.2oz,$4.00,$24.00,6Unit,B.A.H.
105-212,651536953133,Shawarma Seasoning,4.2oz,$4.00,$24.00,6Unit,B.A.H.
105-214,651536953119,Fish Seasoning,4.2oz,$4.00,$24.00,6Unit,B.A.H.
105-252,651536955007,Sweet Paprika,10.5oz,$6.50,$58.50,9Unit,Landau
105-253,651536955014,Moroccan Paprika,10.5oz,$6.50,$58.50,9Unit,Landau
105-254,651536955021,Coarse Paprika,10.5oz,$6.50,$58.50,9Unit,Landau
105-255,651536955045,Hot Paprika,10.5oz,$6.50,$58.50,9Unit,Landau
105-256,651536955038,Hot Moroccan Paprika,10.5oz,$6.50,$58.50,9Unit,Landau
105-271,651536952013,Turmeric,10.5oz,$6.50,$58.50,9Unit,Landau
105-272,651536952020,Cumin,10.5oz,$6.50,$58.50,9Unit,Landau
105-268,651536955106,Coarse Black Pepper,10.5oz,$7.50,$67.50,9Unit,Landau
105-295,651536955052,"Sweet Whole Chili  
Pepper",5.0oz,$4.00,$40.00,10Unit,Landau
105-296,651536955069,Hot Whole Chili Pepper,5.0oz,$4.00,$40.00,10Unit,Landau
F105-648,651536954949,Pickled Lemon  Spread,8.8oz,$4.00,$48.00,12 Unit,Landau
F105-647,651536954963,Pickled Mango  Spread,8.8oz,$4.00,$48.00,12 Unit,Landau
F105-644,651536954918,Spicy Harissa,8.8oz,$4.00,$48.00,12 Unit,Landau
F105-643,651536954901,Sweet Harissa,8.8oz,$4.00,$48.00,12 Unit,Landau
F105-646,651536954956,Minced Garlic,8.8oz,$4.00,$48.00,12 Unit,Landau
F105-642,,Tchuma Pepper,8.8oz,$4.00,$48.00,12 Unit,Landau
F105-641,651536954932,"Green  
S’chug",8.8oz,$4.00,$48.00,12 Unit,Landau
"

",,,,,,,
28,,,,,,,
"
",,,,,,,
F105-651,,Pepper Paste,8.8oz,$4.00,$48.00,12 Unit,
F105-652,,Lemon Spread,8.8oz,$4.00,$48.00,12 Unit,
F105-653,,"Hot Pepper  
Spread",8.8oz,$4.00,$48.00,12 Unit,
F105-645,651536954970**,Chimichurri,8.8oz,$4.00,$48.00,12 Unit,
"

",,,,,,,
 ,,,,,,,
Jasmine Gourmet Frozen Retail Products,,,,,,,
"
",,,,,,,
F110-302,651536952235,Spicy Beef Cigars,12oz,$12.00,$144.00,12Unit,O.U. Glatt
F110-303,644287992315,Chicken Cigars,10oz,$12.00,$144.00,12 Unit,O.U. Glatt
F110-308,644287992384,Beef Kebbe,16oz,$12.00,$144.00,14Unit,O.U. Glatt
F110-317,644287992339,Meat Empanada,8oz,$12.00,$144.00,12 Unit,O.U. Glatt
F110-319,651536947729,Mini Meat Pizza,15oz,$12.00,$144.00,12 Unit,O.U. Glatt
F110-606,,Meatless Meatballs in Sauce,21oz,$5.50,$44.00,8 Unit,B.A.H
F110-611,,Vegan Burger,21oz,$5.50,$44.00,8 Unit,B.A.H
F110-618,,Vegan Mini Aryes,"8x10 
pk",$10.00,$80.00,8x10pk,B.A.H
F110-621,,Vegan Shawarma Wrap,"8x3 
pk",$26.66,$80.00,8x3pk,B.A.H
F110-622,,Vegan Shawarma,14oz,$6.00,$72.00,12 Unit,B.A.H
F110-637,,Vegetarian Stuffed Peppers,21oz,$6.50,$39.00,6 Unit,B.A.H
"

",,,,,,,
29,,,,,,,
"
",,,,,,,
F120-101,7290005506277,Malawach 5pc,800gr,$5.00,$60.00,12 Unit,B.A.H.
F120-103,7290005506260,Jachnuun 6pc,800gr,$5.00,$60.00,12 Unit,B.A.H.
F120-104,7290005506253,Baked Jachnun 6pc,800gr,$5.00,$60.00,12 Unit,B.A.H.
F120-141,7290005506291,Couscous,28oz,$5.00,$60.00,12 Unit,B.A.H.
F120-143,,Falafel Balls,28oz,$5.00,$60.00,12 Unit,B.A.H.
-F120-163,7290005506321,Potato Bourekas,28oz,$5.00,$60.00,12 Unit,B.A.H.
F120-165,7290005506376,Pizza Bourekas,28oz,$5.00,$60.00,12 Unit,B.A.H.
F120-166,7290005506338,Mushroom Bourekas,28oz,$5.00,$60.00,12 Unit,B.A.H.
F120-121,7290005506284,Puff Pastry Dough,28oz,$5.00,$60.00,12 Unit,B.A.H.
F120-149,,Falafel Balls,14oz,$5.00,$60.00,12 Unit,OK
"

",,,,,,,
 ,,,,,,,
King Star Foods ,,,,,,,
"
",,,,,,,
100-362,647297431515,King Whole Tahini,16oz,$3.25,$39.00,12 Unit,Landau
"

",,,,,,,
30,,,,,,,
"
",,,,,,,
100-369,647297431492,King Tahini,32oz,$5.00,$60.00,12Unit,Landau
100-361,6-47297-43148-5**,"Tahini 
12x16oz B.A.H. 
100-361",16oz,$3.00,$36.00,12Unit,B.A.H.
100-433,647297431881,Olive Oil Blend,34oz,$4.50,$54.00,12Unit,O.K.
100-442,647297431898,Grape Seed Oil,34oz,$4.50,$54.00,12Unit,O.K.
100-753,608866214564,Sunflower Seeds,7oz,$2.00,$40.00,20unit,H. Soffer
100-754,608866214571,Unsalted Sunflower Seeds,7oz,$2.00,$40.00,20unit,H. Soffer
"

",,,,,,,
330-521,,Har Bracha Tahini,500g,$5.20,$125.00,24 Unit,B.A.H
"

",,,,,,,
 ,,,,,,,
Yachin -Tomato Pastes and Sauces,,,,,,,
"
",,,,,,,
200-201,7290002111085,Tomato Paste,100 g,$0.56,$27.00,48 Unit,Badatz
200-202,7290000208336,Tomato Paste,260 g,$1.12,$27.00,24 Unit,Badatz
200-222,7290013010032,Shakshuka Sauce,260 g,$1.25,$30.00,24 Unit,Badatz
"

",,,,,,,
31,,,,,,,
"
",,,,,,,
Eden - Canned Vegetables ,,,,,,,
"
",,,,,,,
200-951,7290010962082,Corn,20oz,$2.00,$24.00,12 Unit,H.Soffer
200-952,7290010962051,Chick Peas,20oz,$1.75,$24.00,12 Unit,H.Soffer
200-953,7290010962303,Garden Peas,20oz,$1.75,$21.00,12 Unit,H.Soffer
200-954,7290010962075,Peas &Carrots,20oz,$1.75,$21.00,12 Unit,H.Soffer
200-955,7290010962198,White Baked Beans,20oz,$2.00,$24.00,12 Unit,H.Soffer
200-957,7290010962044,Egyptian Fava Beans,20oz,$2.00,$24.00,12 Unit,H.Soffer
200-959,7290010962112,Harisa,20oz,$2.00,$24.00,12 Unit,H.Soffer
200-399,7290000218502,Vita Cholent Beans,20oz,$3.00,$72.00,24 Unit,
"

",,,,,,,
Eden - Pickles & Olives,,,,,,,
"
",,,,,,,
200-801,7290010692163,Cucumber In Brine 7-9,"A2 
20% EX",$1.75,$21.00,12 Unit,H.Soffer
200-802,7290012453182,Cucumber In Brine 13-17,"A2 
20% EX",$2.75,$33.00,12 Unit,H.Soffer
"

",,,,,,,
32,,,,,,,
"
",,,,,,,
200-803,7290012453441,Cucumber In Brine 18-25,"A2 
20% EX",$3.00,$36.00,12 Unit,H.Soffer
200-821,7290012453427,Green Olives Manzalino,A2,$2.00,$24.00,12 Unit,H.Soffer
200-822,7290012453403,Syrian Cracked Olives,A2,$2.75,$36.00,12 Unit,H.Soffer
200-823,7290012453410,Green Olive Pitted,A2,$2.50,$30.00,12 Unit,H.Soffer
"

",,,,,,,
Zahi,,,,,,,
"
",,,,,,,
500-959,7290001781357,Zaatar Seasoning,400g,$7.50,$75.00,10 Unit,H.Soffer
500-958,7290016074130,Verbena Leaves (Louisa),50g,$7.00,$70.00,10Unit,H.Soffer
500-943,7290016074147,Hawiij,400g,$6.50,$39.00,6Unit,H.Soffer
500-945,7290001781333,Ground Turmeric,400g,$6.50,$39.00,6Unit,H.Soffer
500-952,,Hot Paprika,400g,$6.50,$39.00,6Unit,H.Soffer
500-957,,Crushed Chili Flakes,400g,$6.50,$39.00,6Unit,H.Soffer
500-942,,Chicken Grill Seasoning,400g,$6.50,$39.00,6Unit,H.Soffer
"

",,,,,,,
33,,,,,,,
"
",,,,,,,
500-991,,Arabian Coffee,200g,$5.00,$100.00,20 Unit,H.Soffer
500-992,,"Arabian Coffee With  
Cardamom",200g,$5.00,$100.00,20 Unit,H.Soffer
"

",,,,,,,
EL Nakhle Coffee  ,,,,,,,
"
",,,,,,,
700-703,7290002771128,El Nakhle Roasted Coffee,8.8 oz,$5.50,$66.00,12 Unit,Badatz B.Y
700-704,7290002771111,El Nakhle Roasted Coffee  With Cardamom,8.8 oz,$5.50,$66.00,12 Unit,Badatz B.Y
700-705,875508001121,El Nakhle Espresso Coffee  With Cardamom 10 Capsules,"10  
Cap",$6.30,$63.00,10 Unit,Badatz B.Y
700-706,875508001114,El Nakhle Espresso Coffee  10 Capsules,"10  
Cap",$6.30,$63.00,10 Unit,Badatz B.Y
"

",,,,,,,
Willy Food – Egg Noodle ,,,,,,,
"
",,,,,,,
220-211,7290011587758,Egg Noodles,200g,$2.12,$51.00,24 Unit,H. Soffer
220-212,7290010259359,Curly Egg Noodles,200g,$2.12,$51.00,24 Unit,H. Soffer
220-218,7290003578290,Rice Sticks,300g,$2.75,$66.00,24 Unit,H. Soffer
"

",,,,,,,
Sushi Products ,,,,,,,
"
",,,,,,,
230-512,637951220722,"Rice Paper  
Wrappers",3.5 oz,$3.25,$39.00,12 Unit,Taitelbaum
"

",,,,,,,
34,,,,,,,
"
",,,,,,,
230-516,8938505486019,"Rice Paper  
Wrappers",250gr,$6.00,$144.00,24 Unit,B.YOSEF
230-514,,"Rice Paper  
Wrappers",10.50 oz,$6.00,$120.00,20 Unit,Taitelbaum
"

",,,,,,,
Sugat  ,,,,,,,
"
",,,,,,,
390-149,7290100700587,Bulgur,500g,$2.62,$31.50,12Unit,B.A.H.
390-138,7290003643738,Wheat,500g,$2.62,$31.50,12Unit,B.A.H.
390-148,7290100701454,Grisha,500g,$2.62,$31.50,12Unit,B.A.H.
"

",,,,,,,
Knorr ,,,,,,,
"
",,,,,,,
210-502,7290100249611,Garlic & Herb Cooking  Sauce,11oz,$5.25,$42.00,8 Unit,B.A.H.
210-503,7290100249598,Garlic & Honey Sauce,11oz,$5.25,$42.00,8 Unit,B.A.H.
210-508,7290112491527,Teriyaki Sesame,11oz,$5.25,$42.00,8 Unit,B.A.H.
210-601,7290112497031,Knorr Meatball Sauce,415gr,$5.00,$30.00,6 Unit,B.A.H.
210-504,7290100249581,Plum Sauce,11oz,$5.25,$42.00,8 Unit,B.A.H.
210-507,7290100249659,Chili Garlic,11oz,$5.25,$42.00,8 Unit,B.A.H.
"

",,,,,,,
35,,,,,,,
"
",,,,,,,
210-560,7-290003807178**,Chinese Soy Sauce,11oz,$4.75,$57.00,12 Unit,B.A.H
210-556,7290000116884,B.B.Q sauce,11 oz,$4.75,$57.00,12 Unit,B.A.H
210-557,7290112408441,KNORR ASIAN STIR FRY  SAUCE,11 oz,$4.75,$57.00,12 Unit,B.A.H
210-558,,"KNORR ASIAN GRIL  
SAUCE",11 oz,$4.75,$57.00,12 Unit,B.A.H
210-553,7-290000122830**,Sichuan Sauce,11oz,$4.75,$57.00,12 Unit,B.A.H
210-554,7290000116921,Sweet Chili Sauce,11 oz,$4.75,$57.00,12 Unit,B.A.H
210-552,7-290003807482**,Teriyaki Sauce,11oz,$4.75,$57.00,12 Unit,B.A.H
"

",,,,,,,
Knorr Tibuliot,,,,,,,
"
",,,,,,,
210-521,729003804320,Presley & Garlic,72 g,$3.50,$42.00,12 Unit,B.A.H.
210-524,7290003804252,Indian,72 g,$3.50,$42.00,12 Unit,B.A.H.
210-526,729003804638,Basil,72 g,$3.50,$42.00,12 Unit,B.A.H.
210-527,7290003804382,Mushrooms,72 g,$3.50,$42.00,12 Unit,B.A.H.
"

",,,,,,,
36,,,,,,,
"
",,,,,,,
210-528,7290000129099,Mixed Herb,72 g,$3.50,$42.00,12 Unit,Rabanut
210-525,72900003804375,Roasted Picante,2 oz,$3.50,$42.00,12 Unit,Rabanut
210-549,7290000129457,Mushroom Gravy,28 gr,$2.50,$30.00,12 Unit,B.A.H.
"

",,,,,,,
Knorr - Instant Soup,,,,,,,
"
",,,,,,,
210-482,7290100249475,Corn Soup,2x1oz,$2.50,$30.00,12 Unit,B.A.H.
210-483,7290003805730,Tomato Soup,2x1oz,$2.50,$30.00,12 Unit,Rabanut
210-484,7290100245231,"Chicken & Mini  
Mandel Soup",2x1oz,$2.50,$30.00,12 Unit,Rabanut
210-486,7290000117720,Mushroom Soup,2x1oz,$2.50,$30.00,12 Unit,B.A.H.
210-487,7290100249482,Peas Soup,2x1oz,$2.50,$30.00,12 Unit,B.A.H.
210-489,7290000169538,"Tomato & Crouton  
Soup",2x1oz,$2.50,$30.00,12 Unit,B.A.H.
210-495,7290000169521,Vegetables Crouton  Soup,2x1oz,$2.50,$30.00,12 Unit,B.A.H.
210-492,7290112490216,Chicken & Croutons,2x1oz,$2.50,$30.00,12 Unit,B.A.H.
210-493,729000113654,Light Vegetables Soup,2x1oz,$2.50,$30.00,12 Unit,Rabanut
210-499,7290107646321,Sweet Potato & Carrot  Soup,2x1oz,$2.50,$30.00,12 Unit,Rabanut
210-477,7290112493033,Xtra Vegetable Noodle  Soup,35g,$1.75,$21.00,12 Unit,
"

",,,,,,,
37,,,,,,,
"
",,,,,,,
210-478,,Xtra Chicken Noodle  Soup,35g,$1.75,$21.00,12 Unit,
210-475,7290100247815,Xtra Tomato Noodle  Soup,35g,$1.75,$21.00,12 Unit,
210-479,7290112497291,Xtra Protein Pea Soup,37g,$1.75,$21.00,12 Unit,
210-476,,Xtra MushroomNoodle  Soup,35g,$1.7,$21.00,12 Unit,
210-457,7290100247761,Tomato & Rice Soup,105g,$4.00,$40.00,10 Unit,B.A.H.
210-458,,Lentil Soup,105g,$4.00,$40.00,10 Unit,B.A.H.
210-455,7290100247785,Creamy Corn Soup,105g,$4.00,$40.00,10 Unit,B.A.H.
210-459,7290107644242,Mix Beans Soup,,$4.00,$40.00,10 Unit,B.A.H.
210-456,729000012770,Creamy Peas Soup,105g,$4.00,$40.00,10 Unit,B.A.H.
210-462,7290000112510,Mushroom Soup,105g,$4.00,$40.00,10 Unit,B.A.H.
210-465,7290107644259,"Orange Vegetables  
Soup",80g,$4.00,$40.00,10 Unit,B.A.H.
210-467,,White Beans Soup,77g,$4.00,$40.00,10 Unit,B.A.H.
210-466,,"Vegetable & Bulgur 
Soup",105g,$4.00,$40.00,10 Unit,B.A.H.
"

",,,,,,,
38,,,,,,,
"
",,,,,,,
Knorr Chicken Soup  ,,,,,,,
"
",,,,,,,
210-441,7290003804344,Chicken Soup,400g,$6.00,72.00,12 Unit,B.A.H.
210-443,7290003805402,Onion Soup,400g,$7.00,$42.00,6 Unit,B.A.H.
210-442,7290100249390,Chicken Soup Free MSG,400g,$7.00,$42.00,6 Unit,B.A.H.
210-444,7290003804351,Mushroom Soup,400g,$7.00,$42.00,6 Unit,B.A.H.
"

",,,,,,,
210-451,7290000116204,Chicken Soup,1Kg,$7.20,$72.00,10 Unit,B.A.H.
210-472,7290000117171,Chicken Soup - 10 Calories  Instant Boulion Packets,10pc,$3.00,$36.00,12 Unit,Rubin
"

",,,,,,,
Tomer ,,,,,,,
"
",,,,,,,
230-161,7290002881551,Stuffed Grape Leaves,14oz,$3.00,$72.00,24Unit,H.Soffer
230-169,7290002881568,Stuffed Grape Leaves,2kg,$10.50,$65.00,6Unit,H.Soffer
"

",,,,,,,
La Pasta – Tomato Sauces,,,,,,,
"
",,,,,,,
220-901,7290010970056,Tomato Sauce,24oz,$4.00,$48.00,12Unit,O.K.
"

",,,,,,,
39,,,,,,,
"
",,,,,,,
220-902,7290010970056,Tomato Basil Sauce,24oz,$4.00,$48.00,12Unit,O.K.
220-903,7290010970056,Tomato Garlic Sauce,24oz,$4.00,$48.00,12Unit,O.K.
220-911,7290010970056,Whole Tomato,3pk,$4.00,$32.00,8Unit,B.A.H.
220-912,7290010970056,Diced Tomato,3pk,$4.00,$32.00,8Unit,B.A.H.
220-913,7290010970056,Crushed Tomato,3pk,$4.00,$32.00,8Unit,B.A.H.
"

",,,,,,,
Abadi Cookies  ,,,,,,,
"
",,,,,,,
300-401,7290002132011,Mizrachi Cookies,500 g,$3.75,$56.25,15 Unit,B.A.H
300-402,856591000512,Middle Eastern Sesame Sticks,500 g,$3.75,$56.25,15 Unit,B.A.H
300-404,,Well Done Crispy Cookies,500 g,$25,$63.75,15 Unit,B.A.H
300-405,,Salted Abadi,500 g,$4.25,$63.75,15 Unit,B.A.H
"

",,,,,,,
Kaak – Salted Sesame Cookies,,,,,,,
"
",,,,,,,
40,,,,,,,
"
",,,,,,,
300-531,74099930001,Kaak,14oz,$5.50,$66.00,12 Unit,
300-532,740999240017,Zattar Kaak,14oz,$5.50,$66.00,12 Unit,
300-533,740999256001,Kaak Whole Wheat,13oz,$5.50,$66.00,12 Unit,
"

",,,,,,,
Lotus Biscoff  ,,,,,,,
"
",,,,,,,
350-111,5410126116953,Creamy Spread,14oz,$7.25,$90.00,12Unit,BA.H.
350-112,54101126726947,Crunchy Spread,14oz,$7.25,$90.00,12Unit,BA.H.
"

",,,,,,,
350-102,5410126716016,Lotus Cookies,250g,$4.25,"$42.50* 
*",10Unit,BA.H.
350-103,541012606182,Lotus Single Pack Cookies,312g,$7.00,$56.00,8Unit,BA.H.
350-104,541012606182**,BISCOFF LOTUS SINGLE  PACK COOKIES,279g,$7.00,$70.00,10Unit,
350-105,5410126006087,Lotus Single Pack Cookies,700g,$10.00,$70.00,7Unit,BA.H.
"

",,,,,,,
  ,,,,,,,
"
",,,,,,,
Eshbol Shalva Sweet Snack,,,,,,,
"
",,,,,,,
41,,,,,,,
"
",,,,,,,
820-101,7290000139111,Sweet Puff Wheat Shalva,3oz,$1.45,$30.45,21 unit,B.A.H.
820-111,7290000139340,Shalva Family Pack,20g,$2.00,$60.00,"10 unit 
(30pc 
/pack)",B.A.H.
820-113,7290015194082,"Vanilla Strawberry Tuti  Frutti 
10x20pk (10g) Badatz","10x20p 
k (10g)",$5.00,$50.00,10 unit,B.A.H.
820-114,7290015194044,"Vanilla Strawberry Tuti  Frutti 
10x20pk (10g) Badatz","10x20p 
k (10g)",$5.00,$50.00,10 unit,B.A.H.
820-112,7290015194068,"Strawberry Tuti Frutti 
10x20pk (10g) Badatz","10x20p 
k (10g)",$5.00,$50.00,10 unit,B.A.H.
"

",,,,,,,
Hard Candy,,,,,,,
"
",,,,,,,
800-101,,Pietolin Licorice,"$4.75 
Per lb",$10.41,$125.40,12 Unit,
800-102,,Pietolin Mint Hard Candy,"$4.75 
Per lb",$10.41,$125.40,12 Unit,
800-103,,Pietolin Eucalyputs,"$4.75 
Per lb",$10.41,$125.40,12 Unit,"Badatz  
K.F  
London"
800-111,,Matlow’s Licorice,"$3.47  
per lb",$20.83,$125.00,6Unit,"Badatz  
K.F  
London"
800-112,,Matlow’s Mint Hard Candy,"$3.47  
per lb",$20.83,$125.00,6Unit,"Badatz  
K.F  
London"
"

",,,,,,,
42,,,,,,,
"
",,,,,,,
800-113,,Matlow’s Assorted Fruit Hard  Candy,"$3.47  
per lb",$20.83,$125.00,6Unit,"Badatz  
K.F  
London"
800-101,,Pietolin Licorice Hard Candy,"$4.75 
Per lb",$10.45,$125.40,"12  
Units","Badatz  
K.F  
London"
800-102,,Pietolin Mint Hard Candy,"$4.75 
Per lb",$10.45,$125.40,"12  
Units","Badatz  
K.F  
London"
800-103,,Pietolin Eucalyptus,"$4.75  
Per lb",$10.45,$125.40,"12  
Units","Badatz  
K.F  
London"
800-104,,Pietolin Lemon Mint,"$4.75 
Per lb",$10.45,$125.40,"12  
Units","Badatz  
K.F  
London"
800-106,,Pietolin Ginger Lime,"$4.75 
Per lb",$10.45,$125.40,"12  
Units","Badatz  
K.F  
London"
800-107,,Pietolin Honey Mint,"$4.75 
Per lb",$10.45,$125.40,"12  
Units","Badatz  
K.F  
London"
800-121,,Pietolin Anise,"$4.75 
Per lb",$12.50,$125.00,"10  
Units","Badatz  
K.F  
London"
800-122,,Pietolin Cofffee,"$4.75 
Per lb",$12.50,$125.00,"10  
Units","Badatz  
K.F  
London"
"

",,,,,,,
43,,,,,,,
"
",,,,,,,
800-141,,Sugar Free Licorice,1.1 Lb,$8.25,$165.00,"20  
Units","Badatz  
K.F  
London"
800-142,,Sugar Free Mint,1.1 Lb,$8.25,$165.00,"20  
Units","Badatz  
K.F  
London"
800-143,,Sugar Free Eucalyptus,1.1 Lb,$8.25,$165.00,"20  
Units","Badatz  
K.F  
London"
800-144,,Sugar Free Assorted Fruit,1.1 Lb,$8.25,$165.00,"20  
Units","Badatz  
K.F  
London"
800-131,,Jelly Licorice,"$5.09  
per lb",$11.22,$112.20,"10  
Units",H. Soffer
800-132,,Jelly Licorice Mint,"$5.09  
per lb",$11.22,$112.20,"10  
Units",H. Soffer
800-133,,Jelly Licorice Honey,"$5.09  
per lb",$11.22,$112.20,"10  
Units",H. Soffer
800-134,,Jelly Licorice Rose Water,"$5.09  
per lb",$11.22,$112.20,"10  
Units",H. Soffer
800-135,,Jelly Licorice Cinnamon,"$5.09  
per lb",$11.22,$112.20,"10  
Units",H. Soffer
"

",,,,,,,
44,,,,,,,
"
",,,,,,,
Delaconte Chocolatiers,,,,,,,
"
",,,,,,,
360-501,8002429003800,"Surprise Milk  
Chocolate Eggs",1 Box,$2.50,$90.00,36pc,"B. Yossef 
Cholov  
Yisroel 
(Kosher for Passover)"
360-552,,"Milk Chocolate  Bars - 
“Compliments &  Love”",1 Box,$1.83,$132.00,72 pc,"B. Yossef 
Cholov  
Yisroel 
(Kosher for  Passover)"
360-551,,"Milk Chocolate  Bars - 
“Happy  
חג ) !Holidays 
“(שמח",1 Box,$1.83,$132.00,72 pc,"B. Yossef 
Cholov  
Yisroel 
(Kosher for  Passover)"
360-506,,"Mini Milk  
Chocolate Eggs - Red","6 Kg 
(1 kg*  
6pc)",$25.00,$150.00,6 Units,"B. Yossef 
Cholov  
Yisroel 
(Kosher for  Passover)"
360-507,,"Mini Milk  
Chocolate Eggs - Gold","6 Kg 
(1 kg*  
6pc)",$25.00,$150.00,6 Units,"B. Yossef 
Parve 
(Kosher for  Passover)"
360-508,,"Mini Milk  
Chocolate Eggs - Silver","6 Kg 
(1 kg*  
6pc)",$25.00,$150.00,6 Units,"B. Yossef 
Parve 
(Kosher for  Passover)"
360-509,,"Mini Milk  
Chocolate Eggs – Rainbow","6 Kg 
(1 kg*  
6pc)",$25.00,$150.00,6 Units,"B. Yossef 
Parve 
(Kosher for  Passover)"
360-521,,"Milk Chocolate Pralines - 
(Gold) “Holiday  Blessings”","6 Kg 
(1 kg*  
6pc)",$25.00,$150.00,6 Units,"B. Yossef 
Parve 
(Kosher for  Passover)"
360-522,,"Milk Chocolate Pralines - 
(Red) “Holiday  Blessings”","6 Kg 
(1 kg*  
6pc)",$25.00,$150.00,6 Units,"B. Yossef 
Parve 
(Kosher for  Passover))"
"

",,,,,,,
45,,,,,,,
"
",,,,,,,
360-523,,"Milk Chocolate  Pralines - 
(Silver) “Holiday  Blessings”","6 Kg 
(1 kg*  
6pc)",$25.00,$150.00,6 Units,"B. Yossef 
Parve 
(Kosher for  Passover)"
360-543,,"Milk Chocolate  Neapolitan 
Pralines - 
“Bar-Mitzvah”",500g,$15.00,$180.00,"12  
Units","B. Yossef 
Parve 
(Kosher for  Passover)"
360-546,,"Milk Chocolate  Neapolitan 
Pralines - 
“Bat-Mizvah”",500g,$15.00,$180.00,"12  
Units","B. Yossef 
Parve 
(Kosher for  Passover)"
360-541,,"Milk Chocolate  Neapolitan 
Pralines - 
“Happy  
Birthday!”",500g,$15.00,$180.00,"12  
Units","B. Yossef 
Parve 
(Kosher for  Passover)"
360-544,,"Milk Chocolate  Neapolitan  
Pralines - 
“Shabbat  
Shalom”",500g,$15.00,$180.00,"12  
Units","B. Yossef 
Parve 
(Kosher for  Passover)"
360-547,,"Milk Chocolate  Neapolitan  
Pralines - 
“Mazal &  
Blessings”",500g,$15.00,$180.00,"12  
Units","B. Yossef 
Parve 
(Kosher for  Passover)"
360-542,,"Milk Chocolate  Neapolitan  
Pralines - 
“Mazal Tov!”",500g,$15.00,$180.00,"12  
Units","B. Yossef 
Parve 
(Kosher for  Passover)"
360-548,,"Milk Chocolate  Neapolitan  
Pralines - 
“Bris”",500g,$15.00,$180.00,"12  
Units","B. Yossef 
Parve 
(Kosher for  Passover)"
360-601,,"Ice Cream  
Marshmallows",50pc,$25.83,$155.00,6 Units,"B. Yossef 
(Kosher for  Passover)"
"

",,,,,,,
46,,,,,,,
"
",,,,,,,
360-602,,"Banana  
Marshmallows",50 pc,$25.83,$155.00,6 Units,"B. Yossef 
(Kosher for  Passover)"
360-603,,"Strawberry  
Marshmallows",50 pc,$25.83,$155.00,6 Units,"B. Yossef 
(Kosher for  Passover)"
"

",,,,,,,
SuperSal,,,,,,,
"
",,,,,,,
550-301,7296073033752,Supersal Canola  Oil,1L,$3.25,$48.75,"15  
Units",Machfud
550-144,7296073286042,Supersal Jasmine  Rice,1kg,$4.75,$57.0,"12  
Units",Machfud
550-145,7296073286011,Supersal Persian  Rice,1kg,$3.50,$42.00,"12  
Units",Machfud
550-141,7296076286066,Supersal Basmati  Rice,1kg,$5.00,$100.00,"20 
Units","Badatz  
K.F  
London"
550-165,7296073011217,Penne Rigate,500g,1.50,$30.00,"20 
Units",
550-167,7296073011194,Tri-color Fussili,500g,1.75,$35.00,"20  
Units",
"

",,,,,,,
47,,,,,,,
"
",,,,,,,
550-168,7296073106081*,Tri-color Farfalle  Bowties,500g,1.75,$35.00,"20  
Units",
550-166,7296073011224*,Fussili Pasta,500g,1.50,$30.00,"20  
Units",
550-169,,Pasta Canolinni,500g,2.00,$32.00,"16  
Units",
550-508,,"Tuna Chunks in  Oil 
12 (4pk)X160gr","160g 
(4pk)",$6.00,$96.00,"12  
Units",Machfud
550-507,7296073367031,Tuna Chunks in  Oil,"80g  
(3pk)",$6.00,$96.00,"16 
Units",Machfud
550-266,,"Shampinion  
Sliced Mushroom","3pk  
(230g)",$4.50,$36.00,"8  
Units",Machfud
550-272,7296073080534,Corn,550g,$2.00,$48.00,"24  
Units","Meor  
Hakshrut"
200-281,,"Taam Hateva  
Corn Carton",12oz,$1.67,$40.00,"24  
Units",
200-282,,"Red Kidney  
Beans Carton",12oz,$1.34,$32.00,"24  
Units",
200-283,,"White Kidney  
Beans Carton",12oz,$1.34,$32.00,"24  
Units",
200-284,,Chickpeas Carton,12oz,$1.34,$32.00,"24  
Units",
560-901,7296073377726,Supersal Tirosh  Red Grape Juice,1 L,$6.5,$39,"6 
Units",OU
550-331,,SUP- TAHINI,500gr,$3.75,$90.00,"24  
Units",
"

",,,,,,,
48,,,,,,,
"
",,,,,,,
560-351,7296073368212,Supersal Organic  Tahini,300g,$5.00,$60.00,"12  
Units",Machfud
560-354,,"Supersal Organic  Garlic Tahini  
Squeeze Bottle",300g,$5.00,$120.00,"24 
Units",Machfud
560-353,,Supersal Organic  Tahini Squeeze  Bottle,300g,$4.50,$108.00,"24 
Units",Machfud
560-133,7296073243847,"Green Organic  
Quinoa",340gr,$4.50,$54.00,"12  
Units","Badatz  
Mahzikey  Hadat"
560-134,,"Green Organic  
Tri-Color Quinoa",340gr,$5.00,$60.00,"12  
Units","Badatz  
Mahzikey  Hadat"
560-181,,Organic Brown  Basmati Rice,1kg,$5.25,$105.00,"20 
Units",
"

",,,,,,,
Supersal Frozen Retail ,,,,,,,
"
",,,,,,,
F660-215,,"Sunfrost  
Jerusalem  
Artichoke",800g,$7.75,$95.00,12 Units,B. Yossef
F550-201,,White Beans,800g,$7.50,$150.00,20 Units,B. Yossef
F550-202,,"Whole  
Chickpeas",800g,$7.50,$150.00,20 Units,B. Yossef
"

",,,,,,,
Extra Gluten Free Rice Chips ,,,,,,,
"
",,,,,,,
49,,,,,,,
"
",,,,,,,
110-921,7290002043188,"Extra Gluten Free  
Hot Chilli Rice Chips",2.10 oz,$2.25,$54.00,"24  
Units",B.Yossef
110-922,7290002043782,"Extra Gluten Free  
Texas Barbeque Rice Chips",2.10 oz,$2.25,$54.00,"24  
Units",B.Yossef
110-923,7290002043225,"Extra Gluten Free  
Sea Salt Rice Chips",2.10 oz,$2.25,$54.00,"24  
Units",B.Yossef
110-924,7290002043218,"Extra Gluten Free  
Paprika Rice Chips",2.10 oz,$2.25,$54.00,"24  
Units",B.Yossef
110-931,7290002043331,"Extra Gluten Free  
Buckwheat (Kasha) Rice  Chips",2.1oz,$2.75,$66.00,24 Unit,B.Yossef
110-932,7290002043348,"Extra Gluten Free  
Quinoa & Chia Rice Chips",2.1oz,$2.75,$66.00,24 Unit,B.Yossef
110-933,7290002043379,"Extra Gluten Free  
Black Lentil Rice Chips",2.1oz,$2.75,$66.00,24 Unit,B.Yossef
110-934,7290002043386,"Extra Gluten Free  
Edamame Rice Chips",2.1oz,$2.75,$66.00,24 Unit,B.Yossef
110-935,7290002043362,"Extra Gluten Free  
Red Lentil Rice Chips",2.1oz,$2.75,$66.00,24 Unit,B.Yossef
110-936,7290002043355,"Extra Gluten Free  
Sunflower Seed Rice Chips",2.1oz,$2.75,$66.00,24 Unit,B.Yossef
110-951,7290002043027,Extra Gluten Free Rice Cakes  Belgian Dark Chocolate,1.05 oz,$1.50,$15.00,"10  
Units",B.Yossef
"

",,,,,,,
50,,,,,,,
"
",,,,,,,
110-952,7290002043058,Extra Gluten Free Rice Cakes  Belgian White Chocolate,1.05 oz,$1.50,$15.00,"10  
Units",B.Yossef
110-953,7290002043034,Extra Gluten Free Rice Cakes  Belgian Milk Chocolate,1.05 oz,$1.50,$15.00,"10  
Units",B.Yossef
110-961,7290002043937,Extra Gluten Free Rice Cakes  Belgian Dark Chocolate,3.15 oz,$2.50,$30.00,"12  
Units",B.Yossef
110-962,7290002043010,Extra Gluten Free Rice Cakes  Belgian White Chocolate,3.15 oz,$2.50,$30.00,"12  
Units",B.Yossef
110-963,7290002043975,Extra Gluten Free Rice Cakes  Belgian Milk Chocolate,3.15 oz,$2.50,$30.00,"12  
Units",B.Yossef
110-901,7290002043324* *,Extra-G.F-Sea Salt Brown RiceChips,25gr,$1.40,$22.40,"16  
Units",B.Yossef
110-902,7290002043294* *,ExtraA-G.F-B.B.Q Brown Rice Chips,25gr,$1.40,$22.40,"16  
Units",B.Yossef
110-903,7290002043317* *,Extra-G.F-Hot Chilli Brown Rice Chips,25gr,$1.40,$22.40,"16  
Units",B.Yossef
110-904,7290002043799* *,Extra-G.F-Natural Brown Rice Chips,25gr,$1.40,$22.40,"16  
Units",B.Yossef
"

",,,,,,,
Elite Snacks,,,,,,,
"
",,,,,,,
340-900,7290106663183,Chitos Cheese,65gr,$1.75,$84.00,48Unit,B.Yossef
340-901,7290008752435,Chitos Cheese,30gr,$1.26,$76.00,60 Unit,B.Yossef
340-902,7290104722684,Chitos Big Cheese Balls,40gr,$1.75,$73.50,42 Unit,B.Yossef
340-903,7290115674903,Chitos Cheese Flamin Hot,65gr,$1.75,$84.00,48 Unit,
340-904,7290001817377***,Chitos Puffs,55gr,$1.75,$84.00,48 Unit,B.Yossef
"

",,,,,,,
51,,,,,,,
"
",,,,,,,
340-905,7290106663824,Chitos Peanut Butter,55gr,$1.75,$84.00,48 Unit,B.Yossef
340-906,7290001817728,Chitos Pizza X-O,55gr,$2.10,$84.00,40 Unit,Badatz
340-907,7290001817377,Chitos Kafa Ketchup,55gr,$2.10,$84.00,40 Unit,Badatz
340-908,7290102037964,Chitos Cheese Dolphins,25gr,$1.00,$56.00,56Unit,B.Yossef
340-909,7290112358349,Chitos Pizza X-O,25gr,$1.00,$56.00,56Unit,B.Yossef
340-910,7290112358332,Chitos Kafa Ketchup,25gr,$1.00,$56.00,56Unit,B.Yossef
341-101,7290102030057,Elite Bamba Shosh,65gr,$1.75,$70.00,40 Unit,B.Yossef
340-920,7290112359728,Doritos Flaming Hot,55gr,$1.75,$84.00,48 Unit,
340-922,7290112359735,"Doritos Flaming Hot  
Lemon",55gr,$1.75,$84.00,48 Unit,
340-928,7290115677478,Chitos Popcorn Flaming  Hot,60gr,$2.50,$84.00,30 Unit,
"340- 
938",7290112358592,Extreme Crazy Grill,100gr,$2.75,$82.50,"30  
Unit",Badatz
340-937,7290112359650,Extreme Doritos Wasabi,100gr,$2.75,$82.50,30 Unit,Badatz
"

",,,,,,,
340-911,7290008753364,Doritos Grill,55gr,$1.75,$84.00,48 Unit,Badatz
"

",,,,,,,
52,,,,,,,
"
",,,,,,,
340-912,,DORITOS SPICY NACHO,55gr,$1.75,$84.00,48 Unit,
340-913,7290001817728,Doritos Hot & Spicy,55gr,$1.75,$84.00,48 Unit,Badatz
340-914,7290010119950,Doritos Sour & Spicy,55gr,$1.75,$84.00,48 Unit,Badatz
340-916,7290008753388,Doritos Original,55gr,$1.75,$84.00,48 Unit,Badatz
341-151,7290008745239***,Tapuchips Original Crunch,50gr,$1.75,$84.00,48 Unit,B.A.H
341-152,7290008753111,Tapuchips Mexican,50gr,$1.75,$84.00,48 Unit,B.A.H
341-153,7290008752244,Tapuchips Grill,50gr,$1.75,$84.00,48 Unit,B.A.H
341-155,7290005200786,Tapuchips Sour Crème  &Onion,50gr,$1.75,$84.00,48 Unit,B.A.H
341-156,7290115676990,Tapuchips Salt & Vinegar,50gr,$1.75,$84.00,48 Unit,B.A.H
341-157,7290106662025,Tapuchips Salt & Pepper,50gr,$1.75,$84.00,48 Unit,B.A.H
"

",,,,,,,
Osem Snacks,,,,,,,
"
",,,,,,,
320-751,7290000066332,Apropo,50gr,$2.16,$78.00,36 Unit,B.A.H.
320-754,7290104500572,Italian Apropo,50gr,$2.16,$78.00,36 Unit,B.A.H.
320-755,7290111563928,Chocolate Apropo,40gr,$2.16,$78.00,36 Unit,B.A.H.
320-758,729011568206,Apropo Party Mix,150gr,$3.12,$75.00,24 Unit,
"

",,,,,,,
53,,,,,,,
"
",,,,,,,
320-761,7290000066264,Doobonim,50gr,$2.10,$63.00,30 Unit,B.A.H.
320-764,,Doobonim Pizza,40gr,$2.10,$63.00,30 Unit,B.A.H.
320-748,,Red Sweet Bamba,30gr,$1.20,$48.00,40Unit,
320-711,7290112965745** *,Bissli Free Style Onion,60gr,$2.50,$60.00,24Unit,
320-712,7290112965783** *,Bissli Smoked BBQ,60gr,$2.50,$60.00,24 Unit,
320-713,7290112965806** *,Bissli Free Style Sour Spicy,60gr,$2.50,$60.00,24 Unit,
320-714,7290112961600** *,Osem Bissli Friends mix,150gr,$3.62,$87.00,24 Unit,
320-769,7290104504228,Doobonim Family Pack,8x5pk,$6.50,$52.00,8x5pk,B.A.H.
320-763,7290000062242,Doobonim Sour Cream &  Onion,40gr,$2.10,$63.00,30 Unit,B.A.H.
320-764,,Doobonim Pizza,40gr,$2.10,$63.00,30 Unit,B.A.H.
320-765,,Soccer Dobonim,40gr,$2.10,$63.00,,
320-766,7290006653857,Arnevonim,40gr,$2.10,$63.00,30 Unit,B.A.H.
320-762,7290106572652,Doobonim Zoo,40gr,$2.10,$63.00,30 Unit,B.A.H.
320-742,7290001302279,Bamba,3oz,$2.50,$100.00,40 Unit,B.A.H.
"

",,,,,,,
54,,,,,,,
"
",,,,,,,
320-747,7290000072074,Bamba With Halva,60gr,$2.16,$78.00,36 Unit,B.A.H.
320-725,,Bissli Carnival Three Flavor  Mix,150gr,$3.00,$75.00,24 Unit,B.A.H.
320-748,729000006629,Red Sweet Bamba,30gr,$1.00,$48.00,40 Unit,B.A.H.
320-734,7290115203134,Bamba Popcorn Mix,80gr,$2.00,$80.00,40Unit,
"

",,,,,,,
 ,,,,,,,
Osem Cookies,,,,,,,
"
",,,,,,,
320-936,72901109354996,"Gluten Free Chocolate  
Biscuit",200gr,$4.00,$48.00,12 Unit,B.A.H
320-937,72901109354972,Gluten Free Biscuit,200gr,$4.00,$48.00,12 Unit,B.A.H
320-901,7290008775816,Chocolate Argaliot,300g,$3.90,$23.50,6 Unit,B.A.H
320-904,7290008775816,Raspberry Argaliot,300g,$3.90,$23.50,6 Unit,B.A.H
320-902,7290008775823,Strawberry Argaliot,300g,$3.90,$23.50,6 Unit,B.A.H
320-903,,Argaliot Mix,300gr,$4.00,$48.00,12 Unit,B.A.H
320-908,,Cremeogit Choco Banana,7oz,$4.00,$48.00,12 Unit,B.A.H
320-909,7290115200683,Creamogit Filled Carmel,7oz,$4.00,$48.00,12 Unit,B.A.H
320-905,,Cremeogit Choco. Hazelnut,7oz,$4.00,$48.00,12 Unit,B.A.H
320-907,7693700055,Cremeogit Filled Halva,7 oz,$4.00,$48.00,12 Unit,B.A.H
320-906,7290000077017,Cremeogit Chocolate,7oz,$4.00,$48.00,12 Unit,B.A.H
"

",,,,,,,
55,,,,,,,
"
",,,,,,,
320-936,7290109354996,"Gluten Free Chocolate  
Biscuit",200g,$4.00,$48.00,12 Unit,B.A.H
320-937,7290109354972,Gluten Free Biscuit,200g,$4.00,$48.00,12 Unit,B.A.H
320-939,,Chocolate Bear Tea Biscuit,175gr,$4.00,$64.00,16 Unit,
320-938,,Raspberry Tea Biscuit,500gr,$4.50,$54.00,12 Unit,
320-911,,Pinuki Chocolate Cream  Filled,220g,$4.50,$72.00,16 Unit,B.A.H
320-912,7290115200010,Pinuki Vanilla Cream Filled,220g,$4.50,$72.00,16 Unit,B.A.H
"

",,,,,,,
  ,,,,,,,
"
",,,,,,,
 ,,,,,,,
Nestle Fitness,,,,,,,
"
",,,,,,,
321-251,,Fitness White Chocolate,135gr,$6.50,$58.50,9 Unit,
321-252,,Chocolate & Hazelnut,135gr,$6.50,$58.50,9 Unit,
321-253,,Fitness Chocolate,135gr,$6.50,$58.50,9 Unit,
321-254,5900020034021,Fitness Chocolate Banana,141gr,$6.50,$52.00,8 Unit,
321-255,,"Fitness Bittersweet  
Chocolate",135gr,$6.50,$58.50,9 Unit,
321-256,,Fitness Cookies,141gr,$6.50,$52.00,8 Unit,
321-257,,Fitness Carmel,141gr,$6.50,$52.00,8 Unit,
321-258,,Fitness Apricot & Peach,141gr,$6.50,$52.00,8 Unit,
321-259,,Fitness Wild Berry Bars,141gr,$6.50,$52.00,8 Unit,
321-261,,Fitness Honey & Almonds,141gr,$6.50,$52.00,8 Unit,
"

",,,,,,,
56,,,,,,,
"
",,,,,,,
"
",,,,,,,
321-260,5900020025647,Fitness Milk Chocolate,141gr,$6.75,$54.00,8 Unit,
321-291,,Cinnamon Rice Cakes,,60gr,$2.75,$33.00,12 Unit
321-312,7290112963918,Fitness Crackers Rosemary,140gr,$4.75,$57.00,12 Unit,
321-313,7290112963895,Fitness Authentic Crackers,150gr,$4.75,$57.00,12 Unit,
321-314,,"Sweet Potato Thin  
Crackers",,150g,$4.75,$57.00,12 Unit
321-315,,Beets Thin Crackers,,150g,$4.75,$57.00,12 Unit
321-281,72901411564277,Fitness Rice Cake,120gr,$4.00,$48.00,12 Unit,
321-282,7290111564291,Fitness Quinoa,120gr,$4.00,$48.00,12 Unit,
,,,,,,,
321-311,,Whole Wheat Crackers,243gr,,$3.50,$84.00,24 Unit
321-333,,"Bittersweet Chocolate  
Cookies",180gr,,$3.50,$42.00,12 Unit
321-331,,Chocolate Chip Cookies,180gr,,$3.50,$42.00,12 Unit
321-332,,Fitness Cranberry Cookies,180gr,,$3.33,$40.00,12 Unit
321-203,,Mixed Fruit Cereal,355gr,,$6.50,$104.00,16 Unit
321-204,,Dark Chocolate Cereal,355gr,,$6.50,$104.00,16 Unit
321-201,,Honey & Almond Cereal,355gr,,$6.50,$104.00,16 Unit
"

",,,,,,,
57,,,,,,,
"
",,,,,,,
Formatted Table,,,,,,,
"
",,,,,,,
Osem Pantry Items,,,,,,,
"
",,,,,,,
"320- 
241",7290105695024,"Toasted Pasta With  
Noodles",500gr,$3.25,$39.00,12 Unit,B.A.H.
"320- 
242",,"Toasted Pasta With  
Burgul",500gr,$3.25,$39.00,12 Unit,B.A.H.
"320- 
243",7290115203349,"Toasted Pasta with  
Lentils",400gr,$3.25,$39.00,12 Unit,
"320- 
261",7290106575332,Plus Couscous Ptitim  With Burgul,400gr,$3.25,$39.00,12 Unit,B.A.H.
"320- 
262",,Plus Couscous Ptitim  With Vegetables,400gr,$3.25,$39.00,12 Unit,B.A.H.
"320- 
265",76937000611,Classic Toasted Pasta  Shells,400gr,$3.75,$45.00,12 Unit,B.A.H.
"320- 
266",76937000628,Spinach Toasted Pasta  Shells,400gr,$3.75,$45.00,12 Unit,B.A.H.
"320- 
271",7290111568275***,Wide Rice Sticks,300gr,$4.00,$64.00,16 Unit,B.A.H.
"320- 
272",,Thin Egg Noodles,300gr,$3.75,$37.50,10 Unit,B.A.H.
"320- 
273",7290111568251***,Osem Stir Fry Noodles,350gr,$3.75,$37.50,10 Unit,B.A.H.
"320- 
274",,Osem Wide Egg Noodles,400gr,$3.75,$37.50,10 Unit,B.A.H.
"320- 
275",,Stir Fry Noodles,350gr,$3.75,$45.00,12 Unit,B.A.H.
"320- 
276",,Pad Thai Noodles,300gr,$3.75,$45.00,12 Unit,B.A.H.
"320- 
277",7290111568299***,Osem Spinach Noodles,300gr,$3.75,$45.00,12 Unit,B.A.H
"320- 
278",7290000313290***,"Osem Curly Egg  
Noodles",200gr,$4.20,$42.00,10 Unit,B.A.H
"320- 
401",,Osem Spanish Rice,140gr,$3.5,$21.00,6 Unit,B.A.H.
"

",,,,,,,
58,,,,,,,
"
",,,,,,,
"320- 
402",7290112965325,"Asian Style Rice &  
Noodles",140gr,$3.5,$21.00,6 Unit,B.A.H.
"320- 
403",7290112965141,"Toasted Pasta With  
Vegetables",140gr,$3.50,$24.50,7 Unit,B.A.H.
"320- 
404",7290112965141,"Cream & Mushroom  
Pasta",140gr,$3.50,$21.00,6 Unit,B.A.H.
"320- 
405",,"Couscous With  
Vegetables",140gr,$3.50,$24.50,7 Unit,B.A.H.
"320- 
302",7290000065557**,"Ready Meal  
Couscous",2oz,$2.50,$30.00,12 Unit,B.A.H.
"320- 
303",7290000067599**,"Ready Meals  
Pasta Bolognese Sauce",2oz,$2.50,$30.00,12 Unit,B.A.H.
"320- 
304",7290000073415**,"Ready Meals  
Pasta Pizza Sauce",2oz,$2.50,$30.00,12 Unit,B.A.H.
"320- 
305",7290000065540**,"Ready Meals 
Creamy Pasta",2oz,$2.50,$30.00,12 Unit,B.A.H.
"320- 
306",7290000073125**,"Ready Meals  
Tomato Pasta",2oz,$2.50,$30.00,12 Unit,B.A.H.
"320- 
307",7290000065335**,"Mashed Potato With  
Vegetables",2oz,$2.50,$30.00,12 Unit,B.A.H.
"320- 
308",7290000064871**,"Mashed Potato With  
Onion",2oz,$2.50,$30.00,12 Unit,B.A.H.
"320- 
309",7290111560606**,Ready Meal Couscous &  Tomato,2oz,$2.50,$30.00,12 Unit,B.A.H.
"320- 
310",7290109354019**,Ready Meal Couscous &  Lentils,2oz,$2.50,$30.00,12 Unit,B.A.H.
"320- 
311",,"Ready Meal Creamy  
Chicken",2oz,$2.50,$30.00,12 Unit,B.A.H.
"

",,,,,,,
59,,,,,,,
"
",,,,,,,
"320- 
326",,Spicy Thai Noodles,2.5oz,$2.50,$15.00,6 Units,B.A.H.
"320- 
327",,Spicy Korean Noodles,2.5oz,$2.50,$15.00,6 Units,B.A.H.
"320- 
321",7290000073750**,Chicken Noodle Soup,2.5oz,$2.50,$15.00,6 Units,B.A.H.
"320- 
322",7290000073767**,Beef Noodle Soup,2.5oz,$2.50,$15.00,6 Units,B.A.H.
"320- 
323",7290100680667,Sichuan Noodles,2.5oz,$2.50,$15.00,6 Units,B.A.H.
"320- 
324",7290100680650,Thai Style Noodles,2.5oz,$2.50,$15.00,6 Units,B.A.H.
"320- 
335",72901152404032,Indian Curry Rice,78gr,$2.50,$30.00,12 Unit,B.A.H
"320- 
336",7290115204018,Italian Pasta Alfredo,78gr,$2.50,$30.00,12 Unit,B.A.H
"320- 
317",,Chicken Ramen Noodles,100gr,$2.50,$40.00,16Unit,B.A.H
"320- 
318",,Beef Ramen Noodles,100gr,$2.50,$40.00,16Unit,B.A.H
"320- 
319",,Spicy Ramen Noodles,100gr,$2.50,$40.00,16Unit,B.A.H
"320- 
841",7290000063157,Self Rising Flour,1kg,$4.35,$43.50,"10  
Units",
"320- 
845",7290105691958**,Baking Yeast Flour,1kg,$4.80,$48.00,"10  
Units",
"320- 
849",7290109353395**,Gluten Free Yeast Flour,350gr,$4.25,$51.00,12 Unit,
"320- 
110",7290100689301,Chicken Consomme,400g,$5.00,$30.00,6 Unit,B.A.H.
"

",,,,,,,
60,,,,,,,
"
",,,,,,,
"325- 
106",0-77544-00288-3,"MSG Free Chicken  
Consomme",14.1oz,$5.25,$63.00,12 Unit,B.A.H
"325- 
103",0-77544-00247-0,Onion Soup,14.1oz,$5.25,$63.00,12 Unit,B.A.H
"325- 
101",0-77544-52740-9,Consomme Soup  Parve,14.1oz,$5.25,$63.00,12 Unit,
"320- 
106",7290111563560,Osem Bean Soup,220g,$5.50,$33.00,6 Unit,
"320- 
107",7290111563560,Osem Lentil Soup,220g,$5.50,$33.00,6 Unit,
"320- 
109",,Chicken Soup Parve,1 kg,$7.50,$60.00,8 Unit,
"320- 
119",7290000063140**,Osem Mini Mendels,400g,$4.50,$54.00,12 Unit,B.A.H
"320- 
151",7290000493176**,"Instant Roast Beef  
Gravy",35g,$2.50,$30.00,12 Unit,
"320- 
152",7290000493183**,"Instant Mushroom  
Gravy",35g,$2.50,$30.00,12 Unit,
"320- 
164",,Spicy Ketchup,25oz,$4.50,$40.50,9 Unit,B.A.H
"320- 
231",,"Osem White Bread  
Crumbs",200gr,$2.75,$33.00,12 Unit,B.A.H
"320- 
232",,Osem Golden Bread  Crumbs,200gr,$2.75,$33.00,12 Unit,B.A.H
"325- 
234",,Osem Panko Bread  Crumbs,9oz,$3.50,$42.00,12 Unit,
"320- 
239",7290100685563,Osem Golden Bread  Crumbs,"400g  
(2) 
200g(1)",$5.00,$30.00,6Unit,B.A.H
320-238,7290115203486,Osem Bread Crumbs  with Bisili,200gr,$3.00,$36.00,12 Unit,
"

",,,,,,,
61,,,,,,,
"
",,,,,,,
Telma – Kifli Snacks ,,,,,,,
"
",,,,,,,
690-853,7290000110844,Kifli Grill,70g,$2.25,$66.00,30Unit,B.A.H
690-852,7290000113203,Kifli Onion,70g,$2.25,$66.00,30Unit,B.A.H
690-851,7290000113203* *,Kifli Ketchup,70g,$2.25,$78.75,35Unit,B.A.H
690-856,,Kifli Onion Family Pack,"144g 
(4 pk)",$6.00,$84.00,14 Units,B.A.H
690-857,,Kifli Grill Family Pack,"144g 
(4pk)",$6.00,$84.00,14 Units,B.A.H
"

",,,,,,,
Asif –Toasted Pasta and Couscous ,,,,,,,
"
",,,,,,,
400-101,7290004771355,Toasted Pasta Orginal,17 oz,$1.75,$27.00,15 Unit,B.A.H
400-102,7290004771362,Toasted Pasta Rice,17 oz,$1.75,$27.00,15 Unit,B.A.H
400-106,7290004771331,Ptitim With Onion,17 oz,$2.00,$30.00,15 Unit,B.A.H
400-107,7290047771348,Whole wheat Toasted pasta,17 oz,$2.00,$30.00,15 Unit,B.A.H
400-108,7290004771324,Ptitim 3 Colors,17 oz,$2.00,$30.00,15 Unit,B.A.H
"

",,,,,,,
Couscous & Toasted Pasta,,,,,,,
"
",,,,,,,
400-121,7-2900047100-3,Asif Original Couscous,12 oz,$1.75,$42.00,"24  
Unit",B.A.H
"

",,,,,,,
62,,,,,,,
"
",,,,,,,
400-122,7-29000477115-7,"Asif Whole Wheat  
Couscous",12 oz,$2.00,$48.00,"24 
Unit",B.A.H
400-119,72900047710891,Couscous,2.2 lb,$4.50,$54.00,"12  
Unit",B.A.H
"

",,,,,,,
 ,,,,,,,
Elite Coffee,,,,,,,
"
",,,,,,,
340-436,7290112358554,Elite Instant Coffee To Go Sticks,50g,$6.00,$72.00,"12 Units (28  
Sticks/ Unit)",B.A.H
340-438,,Elite Turkish Coffee To Go Sticks,,168g,$7.75,$108.50,"14 Units (24  
Sticks/ Unit)"
340-439,,Elite Turkish Coffee  with Cardamom To-Go Sticks,,168g,$7.75,$108.50,"14 Units (24  
Sticks/ Unit)"
340-497,7290000176468,Haag Instant Coffee,50gr,$6.00,$144.00,24 Unit,Rabanut
340-435,7290112347299**,"Elite Strong Name 
Cafe",3.5,$6.00,$72.00,12 Unit,
340-437,77245107870,Coffee Turkish Bag,3.5oz,$2.70,$135.00,50 Unit,B.A.H.
340-451,7290112358561,"Instant Platinum  
Coffee",47g,$3.25,$39.00,12 Units,B.A.H.
340-452,,,Elite Platinum Instant  Coffee,7oz,$11.00,$66.00,6 Units
340-488,7290106525320* *,Chokolit For Baking,17oz,$7.00,$84.00,12 Units,Rabanut
340-430,,,Aladin Turkish Coffee  Bag,7oz,$5.25,$126.00,24 Unit
"

",,,,,,,
63,,,,,,,
"
",,,,,,,
340-425,77245102530,Elite Instant Coffee  Tin,7oz,$7.00,$84.00,12 Unit,B.A.H.
350-381,,"Landvar Turkish  
Coffee",3.5oz,$2.75,$66.00,24 Unit,B.A.H.
350-392,,Jacob Coffee,160gr,$8.50,$76.50,9 Unit,
350-391,,Jacob Turkish Coffee,85gr,$3.75,$60.00,16 Unit,
350-393,8714599410530,Jacob Turkish Coffee,7oz,$10.00,$120.00,12 Unit,
340-706,,"Quarter To Seven  
Mousse",100g,$5.50,$77.00,14 Unit,
340-707,,"Quarter To Seven  
Mousse",100g,$5.50,$77.00,14 Unit,
340-709,7290107944557**,"Quarter To Seven  
Truffle",190gr,$5.50,$77.00,14 Unit,
340-710,7290107944540**,Vanilla with Wafers,190gr,$5.50,$77.00,14 Unit,
340-711,7-290106-520066**,"Hazelnut Milk  
Chocolate",190gr,$5.50,$88.00,16 Unit,
340-712,"7-290104- 
061219**",Nougat Hazelnut,190gr,$5.50,$77.00,14 Unit,
340-713,7290107944366,Quarter To Seven  Rolls,190gr,$5.50,$77.00,14 Unit,Badatz
340-714,7290106725423,"Quarter to Seven 
Rolls Halva Cream",190gr,$5.50,$77.00,14 Unit,Badatz
"

",,,,,,,
64,,,,,,,
"
",,,,,,,
340-715,7290106662377,"Quarter to Seven 
Rolls Peanut Butter",190gr,$5.50,$77.00,14 Unit,Badatz
340-718,7290112331946,Quarter to Seven Rolls  Tortit,190gr,$5.50,$77.00,14 Unit,Badatz
340-720,7290000181103,"Midnight – Milk  
Chocolate",200gr,$5.50,$55.00,10 Unit,Badatz
340-721,7290105961532,"Midnight – White  
Chocolate",200gr,$5.50,$55.00,10 Unit,Badatz
340-722,,"Midnight Caramel  
Chocolate 
Blondi",200gr,$5.50,$55.00,10 Unit,Badatz
340-723,7290005199622,"Midnight – Bitter  
Chocolate",200gr,$5.50,$55.00,10 Unit,Badatz
340-808,,Mini Pinukiot Caramel  Cookies,180gr,$6.42,$77.00,12 Unit,
340-809,,Mini Pinukiot Coated  Pretzels,180gr,$6.42,$77.00,12 Unit,
340-752,790008753883,"Truffle & Crumb  
Wafers",350gr,$6.75,$67.50,10 Unit,Badatz
340-751,7-290008-753876**,Crumb Cheesecake  Wafers,350gr,$6.75,$67.50,10 Unit,
340-754,,Chocolate Covered  Wafers,350gr,$7.20,$72.00,10 Unit,
340-757,7290008749343,"Choco French  
Vanilla Wafers",350gr,$6.75,$67.5,10 Unit,
"

",,,,,,,
65,,,,,,,
"
",,,,,,,
340-758,790106662230**,"Choco Tov Taam  
Wafers",350gr,$6.75,$67.50,10 Units,
340-760,7290106656512,Tortit Wafers,350gr,$6.75,$67.50,10 Unit,Badatz
340-766,7290107943048* *,Tortit Wafers,90gr,$1.80,$72.00,40 Unit,
340-768,,Cheesecake Wafers,90gr,$1.80,$72.00,40 Unit,
340-767,,Chocolate Truffle  Wafers,90gr,$1.80,$72.00,40 Unit,
340-801,7290112332691,Pesek Zman Pinukiot,200gr,$5.50,$77.00,14 Unit,Badatz
340-802,7290112340276,Names Café Coffee  Pinukiot,200gr,$5.50,$77.00,14 Unit,Badatz
340-803,7290112346537,Tortit Pinukiot,200gr,$5.50,$77.00,14 Unit,Badatz
340-804,,"Black and White  
Piukiot",200gr,$5.50,$77.00,14 Unit,
340-806,7290112351241,"Chocolate  
Strawberry Pinukiot",200gr,$5.50,$77.00,14 Unit,
340-732,,"White Caramel  
Choco Biscuit",100gr,$3.25,$39.00,12 Unit,
340-734,,Ice Cream Cone Milk  Choco.,100gr,$3.25,$39.00,12 Unit,
340-735,7290005200908* *,White & Milk Choco  Biscuit,100gr,$3.25,$39.00,12 Unit,
"

",,,,,,,
66,,,,,,,
"
",,,,,,,
340-748,,"Elite Petit Burr  
Chocolate",500gr,$4.50,$54.00,12 Unit,
340-749,7290001813881,"Petit Burr Biscuit  
Vanilla",500gr,$4.50,$54.00,12 Unit,Badatz
340-811,815871012201**,Tortit (Bar),,$1.40,$42.00,30 Unit,
340-813,,White Tortit,,$1.75,52.50,30 Unit,
340-812,,Egozi,28gr,$1.75,$49.00,28 Unit,
340-815,72918388,Twist (Bar),28gr,$1.75,$56.00,32 Unit,
340-819,,White Mekupelet,40gr,$1.75,$42.00,24 Unit,
340-762,7290112349262**,"Pesek Zman  
Nishnushim",55gr,$2.62,$42.00,16 Unit,Rabanut
340-763,,Twist Nishnushim,55gr,$2.62,$42.00,16 Unit,Rabanut
340-764,7290112349255**,Tortit Nishnushim,55gr,$2.62,$42.00,16 Unit,Rabanut
340-765,7290112347626**,Kif Kef Nishnushim,55gr,$2.62,$42.00,16 Unit,Rabanut
340-797,,Pin Roll Tortit,350gr,$6.25,$56.75,9 Unit,
340-781,,Brownie Tortit,380gr,$9.00,$72.00,8 Unit,
"

",,,,,,,
67,,,,,,,
"
",,,,,,,
340-782,,Brownie Pesek Zman,380gr,$9.00,$72.00,8 Unit,
340-783,,Brownie Bittersweet  Chocolate,380gr,$9.00,$72.00,8 Unit,
$9.00,,Egozi Cake,340gr,$9.00,$72.00,8 Unit,
340-785,,Taami Cake,340gr,9.00,$72.00,8 Unit,
340-331,7290112349354,Raspberry Lemon  Candy,"45gr  
(3pk)",$3.50,$28.00,8 Unit,
340-332,7290112349347,"Elite Must Mint  
Candy","45gr  
(3pk)",$3.50,$28.00,8 Unit,
"

",,,,,,,
 ,,,,,,,
Telma Cereals ,,,,,,,
"
",,,,,,,
700-116,7290000114859,Cornflakes,850g,$8.25,$66.00,8 Unit,B.A.H
700-112,7290003805549,Shugi Cornflakes,500 g,$7.50,$90.00,12 Unit,B.A.H
700-119,7290100247556,Gluten Free Cornflakes,500g,$7.50,$90.00,12 Unit,B.A.H
700-120,7290000345140,Whole Grain Cornflakes,500g,$7.50,$90.00,12 Unit,B.A.H
700-107,7290003804528,Chariot Vanilla,686g,$9.00,$90.00,10 Unit,B.A.H
"

",,,,,,,
68,,,,,,,
"
",,,,,,,
700-106,7290112495020,Chariot Chocolate,686g,$9.00,$90.00,10 Unit,B.A.H
700-108,7290003804528,Chariot Marshmallow,686 gr,$9.00,$90.00,10 Unit,B.A.H
700-110,7290112495822,Chariot Black,686g,$9.00,$90.00,10 Unit,B.A.H
700-105,7290112947796,Chariot Caramel,686g,$9.00,$90.00,10 Unit,B.A.H
700-103,7290112495013,Nougat 45% Less Sugar,686g,$9.00,$90.00,10 Unit,B.A.H.
700-095,7290112497758**,Cocoa-Man Caramel Toffee,686g,$9.00,$90.00,10 Unit,B.A.H
700-111,7-29000380551-8*,"Vanilla Champion  
Cornflakes",415g,$7.00,$84.00,12 Unit,B.A.H
700-115,,CornFlakes Family pack Mini,5pk(12,$6.00,$72.00,12 Unit,B.A.H
700-114,7290003805518,Cornflakes Deli Pecan,400g,$7.50,$90.00,12 Unit,B.A.H
700-141,7290003805549,Shugi Cereal Bars,8pc,$5.00,$60.00,12 Unit,B.A.H
700-081,,Bran Flakes Wheat Subin,500g,$6.50,$84.00,12 Unit,B.A.H
700-084,,Bran Flakes Sugar-Free,500g,$7.50,$90.00,12 Unit,B.A.H
700-085,,Bran Flakes Crunch,375g,$6.50,$84.00,12 Unit,B.A.H
"

",,,,,,,
Kimal Thin Crackers,,,,,,,
"
",,,,,,,
300-561,689076171236,Thin Crackers Kimal,150g,$2.00,$40.00,20Unit,
300-562,689076171236,Thin Crackers Zaatar,150g,$2.00,$40.00,20Unit,
300-563,689076171236,Thin Crackers Sesame,150g,$2.00,$40.00,20Unit,
"

",,,,,,,
69,,,,,,,
"
",,,,,,,
Petit Crackers ,,,,,,,
"
",,,,,,,
700-121,7290003805501,Swedish Crackers,250g,$6.50,$156.00,24 Unit,B.A.H
700-126,7290003805587,Whole Wheat Crackers,250g,$6.50,$156.00,24 Unit,B.A.H
700-123,,Multi Grain Crackers,250 g,$6.50,$156.00,24 Unit,B.A.H
700-124,,Rye Grain Crackers,250 g,$6.50,$156.00,24 Unit,B.A.H
"

",,,,,,,
 ,,,,,,,
Vitamin-chick Syrup,,,,,,,
"
",,,,,,,
600-502,7290000065717**,Raspberry,1L,$6.50,$78.00,12 Unit,B.A.H
600-503,7290000066943**,Grape,1L,$6.50,$78.00,12 Unit,
600-505,7290100683613**,Mango Peach,1L,$6.50,$78.00,12 Unit,B.A.H
600-504,7290000066950**,Apple,1L,$6.50,$78.00,12 Unit,B.A.H
600-506,7290000065748**,Pineapple,1L,$6.50,$78.00,12 Unit,B.A.H
600-507,7290000065724**,Lemon,1L,$6.50,$78.00,12 Unit,B.A.H
600-509,7290112968364**,Tropic pineapple Banana,1L,$6.50,$78.00,12 Unit,B.A.H
"

",,,,,,,
70,,,,,,,
"
",,,,,,,
600-512,7290100683613* *,Mango Passion Fruit,1L,$6.50,$78.00,12 Unit,B.A.H
600-523,7290100681510,Diet Red Grapefruit,1L,$6.50,$78.00,12 Unit,B.A.H
600-524,,Diet Orange,1L,$6.50,$78.00,12 Unit,B.A.H
600-518,7290100681503**,Diet Lemon-Nana,1L,$6.50,$78.00,12 Unit,B.A.H
600-517,7290000272467**,"Vitamin Chick Diet  
Raspberry",1L,$6.50,$78.00,12 Unit,B.A.H
"

",,,,,,,
  ,,,,,,,
"
",,,,,,,
 ,,,,,,,
Jump Soft Drink,,,,,,,
"
",,,,,,,
600-301,7290006229069,Grape,1.5 L,$3.00,$36.00,12 Unit,B.A.H
600-302,7290000136738,Grapefruit,1.5 L,$3.00,$36.00,12 Unit,B.A.H
600-303,7290000136721,Orange,1.5 L,$3.00,$36.00,12 Unit,B.A.H
600-304,7290000327372,Diet Grapefruit,1.5 L,$3.00,$36.00,12 Unit,B.A.H
600-305,7290000327440,Mango,1.5 L,$3.00,$36.00,12 Unit,B.A.H
"

",,,,,,,
71,,,,,,,
"
",,,,,,,
600-306,7290000136745,Banana Strawberry,1.5 L,$3.00,$36.00,12 Unit,B.A.H
600-308,,Apple Clear,1.5 L,$3.00,$36.00,12 Unit,
600-309,,Peach Clear,1.5 L,$3.00,$36.00,12 Unit,
"

",,,,,,,
NESTEA - Iced Tea ,,,,,,,
"
",,,,,,,
600-551,8005200496525,Nestea Peach,1.5L,$3.75,$22.50,6 Unit,B.A.H
600-552,8005217176557,Nestea Grape &Melon,1.5L,$3.75,$22.50,6 Unit,B.A.H
600-553,8005200536528,Nestea Mango & Pineapple,1.5L,$3.75,$22.50,6 Unit,B.A.H
600-555,8005200516520,Diet Nestea Peach,1.5L,$3.75,$22.50,6 Unit,B.A.H
"

",,,,,,,
Malt Beverages – Black Root Beer,,,,,,,
"
",,,,,,,
600-311,7290010237623,Black Beer,1.5 L,$3.25,$39.00,12 Unit,B.A.H
"

",,,,,,,
72,,,,,,,
"
",,,,,,,
600-312,7290010237630,Diet Black Beer,1.5 L,$3.25,$39.00,12 Unit,B.A.H
600-325,897285002016,Black Beer,500 ml,$1.37,$33.00,24 Unit,B.A.H
"

",,,,,,,
  ,,,,,,,
"
",,,,,,,
XL Energy 200ml ,,,,,,,
"
",,,,,,,
600-327,856867000017,XL Energy Drink,200ml,$1.50,36.00,24 Unit,O.K.
600-326,856867000048,Diet Energy Dring,200ml,$1.50,$36.00,24 Unit,O.K.
"

",,,,,,,
Neviot – Water 1.5 L,,,,,,,
"
",,,,,,,
600-202,850335003159,Water – Grape Flavor,1.5L,$2.75,33.00,12 Unit,B.A.H
600-204,850335003128,Water – Apple Flavor,1.5L,$2.75,$33.00,12 Unit,B.A.H
600-205,850335003913,Water – Peach Flavor,1.5L,$2.75,$33.00,12 Unit,B.A.H
600-221,850335003050,Water – Grape Flavor,500ml,$1.62,39.00,24 Unit,B.A.H
"

",,,,,,,
73,,,,,,,
"
",,,,,,,
600-223,850335003029,Water – Apple Flavor,500ml,$1.62,$39.00,24 Unit,B.A.H
600-225,850335003012,Water – Peach Flavor,500ml,$1.62,$39.00,24 Unit,B.A.H
"

",,,,,,,
Crystal Soda  ,,,,,,,
"
",,,,,,,
600-381,7290001247037,Crystal Mint,2L,$3.00,$24.00,8 Unit,B.A.H
"

",,,,,,,
Aloe Vera Water 330ml ,,,,,,,
"
",,,,,,,
600-251,8850389101728,Aloe Vera Apple,330ml,$1.75,$42.00,24Unit,B.A.H.
600-252,8850389104644,Aloe Vera Peach,330ml,$1.75,$42.00,24Unit,B.A.H.
600-253,8850389101728,Aloe Vera Grape,330ml,$1.75,$42.00,24Unit,B.A.H.
600-254,8850389115336,Aloe Vera Melon,330ml,$1.75,$42.00,24 Unit,B.A.H.
"

",,,,,,,
 ,,,,,,,
Aloe Vera Water 1L,,,,,,,
"
",,,,,,,
600-261,8850389105825,Aloe Vera Grape,1L,$3.50,$42.00,12Unit,B.A.H.
600-262,8850389105832,Aloe Vera Apple,1L,$3.50,$42.00,12Unit,B.A.H.
"

",,,,,,,
74,,,,,,,
"
",,,,,,,
600-263,8850389105849,Aloe Vera Peach,1L,$3.50,$42.00,12Unit,B.A.H.
600-264,8-850389115336**,Aloe Vera Melon,1L,$3.50,$42.00,12Unit,B.A.H.
"

",,,,,,,
Schweppes Soda,,,,,,,
"
",,,,,,,
600-701,7290013702555,"Light 210Sparkling  
Pineapple",1.5L,$3.50,$42.00,12Unit,Mehadrin
600-702,7290011051389,Light Sparkling Berries,1.5L,$3.50,$42.00,12Unit,Mehadrin
600-703,729001051372,Light Sparkling Apple Lime,1.5L,$3.50,$42.00,12Unit,Mehadrin
600-722,7290012404238,Russchian Mixer,1.5L,$4.00,$48.00,12Unit,Mehadrin
600-704,7290011051396,Light Sparkling Peach,1.5L,$3.50,$42.00,12Unit,Mehadrin
600-705,7290011051655,Light Sparkling Grape,1.5L,$3.50,$42.00,12Unit,Mehadrin
"

",,,,,,,
75,,,,,,,
"
",,,,,,,
600-711,7290012404160,Sparkling Red Grapefruit,1.5L,$3.50,$42.00,12Unit,Mehadrin
600-712,7290013702470,Sparkling Pink Lemonade,1.5L,$3.50,$42.00,12Unit,Mehadrin
600-709,7290018471067,Mojito Lime Mint,1.5L,$3.50,$42.00,12Unit,Mehadrin
600-710,7290018471081,Cosmo Cranberry Lime,1.5L,$3.50,$42.00,12Unit,Mehadrin
600-731,850335003159,Grape Water,1.5L,$2.75,$33.00,12Unit,Mehadrin
600-732,7290013702029,Peach Water,1.5L,$2.75,$33.00,12Unit,Mehadrin
600-733,7290013702371,Apple Water,1.5L,$2.75,$33.00,12Unit,Mehadrin
600-734,7290013702005,Berries Water,1.5L,$2.75,$33.00,12Unit,Mehadrin
600-341,7290018471609,Tapuzina Grape,330ml,$1.38,$33.00,24 Unit,
600-342,7290018471609,Tapuzina Grapefruit,330ml,$1.38,$33.00,24 Unit,
"

",,,,,,,
76,,,,,,,
"
",,,,,,,
600-343,,Tapuzina Orange,330ml,$1.38,$33.00,24 Unit,
600-344,,"Tapozina Banana 
Strawberry",330ml,$1.38,$33.00,24 Unit,
600-345,,Tapozina-Lemon Nana,330ml,$1.38,$33.00,24 Unit,
600-741,7290013702050 **,Schweppes Grape Water,0.5 L,$1.75,$42.00,24 Unit,
600-742,,Schweppes Peach Water,0.5 L,$1.75,$42.00,24 Unit,
600-743,7290013702388 **,Schweppes Apple Water,0.5 L,$1.75,42.00,24 Unit,
600-762,,Schweppes Watermelon  Lime,330ml,$1.75,$42.00,24 Unit,B.A.H
600-763,,Schweppes Cherry Acai,330ml,$1.75,$42.00,24 Unit,B.A.H
600-764,,Pineapple Strawberry,330ml,$1.75,$42.00,24 Unit,B.A.H
600-761,,Coconut Pineapple,330ml,$1.75,$42.00,24 Unit,B.A.H
600-765,,Kiwi Strawberry,330ml,$1.75,$42.00,24 Unit,B.A.H
600-317,7290008464963,Jump Grape,330ml,$1.37,$33.00,24 Unit,B.A.H
600-313,0-4048784649-4,Jump Grapefruit,330ml,$1.37,$33.00,24 Unit,B.A.H
600-316,7290008464918,Jump Strawberry Banana,330ml,$1.37,$33.00,24 Unit,B.A.H
"

",,,,,,,
77,,,,,,,
"
",,,,,,,
600-315,0-4048784648-7,Jump Orange,330ml,$1.37,$33.00,24 Unit,B.A.H
600-328,,Apple Cider Juice,330ml,$1.37,$33.00,24 Unit,B.A.H
600-329,,Cider Hadlil Sparkling,275ml,$1.37,$33.00,24 Unit,B.A.H
600-398,7-29001060940-6,Grape Cap Tropit,200ml,$0.60,$12.00,20 Unit,B.A.H
600-396,7290001060900* *,Grape Cap Tropit,250ml,$0.60,$24.00,40 Unit,B.A.H
600-392,7290015639861* *,Mini Ice’s,70pc(4),$4.25,$17.00,4 Unit,B.A.H
600-391,7290010609734 **,ICES,8pc,$1.40,$21.00,15 Unit,B.A.H
600-395,7290010609840,Grape Straw Tropit,200ml,$0.60,$12.00,18 Unit,B.A.H
600-399,7290006730374 **,Grape Straw Tropit,200ml,$0.45,$18.00,40 Unit,B.A.H
"

",,,,,,,
Fuze Tea 1.5 L,,,,,,,
"
",,,,,,,
600-571,,Peach,1.5 L,$3.50,$42.00,12 Unit,
600-576,,Peach 3x4Pk,3x4 Pk,$14.00,$42.00,4 Pk,
600-575,,Diet Peach Tea,1.5 L,$3.50,$42.00,12 Unit,
600-411,860007292408**,Tea Concentrate Mint,500ml,$5.25,$63.00,12 Unit,B.A.H
"

",,,,,,,
78,,,,,,,
"
",,,,,,,
600-412,860007292439**,Tea Concentrate Peach,500ml,$5.25,$63.00,12 Unit,B.A.H
600-413,860007292453**,"Tea Concentrate 
Classic",500ml,$5.25,$63.00,12 Unit,B.A.H
600-414,860007292415**,Tea Concentrate Berry,500ml,$5.25,$63.00,12 Unit,B.A.H
"

",,,,,,,
  ,,,,,,,
"
",,,,,,,
Tirosh Grape Juice ,,,,,,,
"
",,,,,,,
600-402,729000696243,Efrat Red Grape Juice,1L,$5.00,$60.00,12 Unit,B.A.H
600-403,7290006696250,Efrat White Grape Juice,1L,$5.00,$60.00,12 Unit,B.A.H
"

",,,,,,,
 ,,,,,,,
"
",,,,,,,
79,,,,,,,
"
",,,,,,,
80,,,,,,,
"
",,,,,,,